iso2,pais,year,forest_area_km2,ghg_total_incl_lulucf_mt_co2e,gdp_per_capita_const2015_usd,trade_pct_gdp,fdi_inflows_pct_gdp,renewable_energy_pct_final_energy,domestic_credit_private_pct_gdp,wgi_voice_accountability_est,co2_emissions_kt
AR,Argentina,2000,333780.0,373.6442,10631.6503639029,22.6224447777343,3.66579059535379,9.8,23.8947336198062,0.4422784,
AR,Argentina,2001,330616.0,368.3676,10051.9448463043,21.8522554515453,0.806164134759348,11.5,20.833574652466,,
AR,Argentina,2002,327452.0,382.1273,8861.56199282278,41.7527243585642,2.19895819502207,11.6,15.3318584042485,0.3330067,
AR,Argentina,2003,324288.0,402.0065,9545.53194119994,40.6447480311085,1.29481086883944,10.8,10.7627059172487,0.419837,
AR,Argentina,2004,321124.0,429.1492,10302.4465316428,40.692646108947,2.5050175164097,9.3,9.68251819633223,0.4802197,
AR,Argentina,2005,317960.0,422.5869,11099.7509190602,40.5512709706238,2.64935441452167,9.6,10.6534929189359,0.510876,
AR,Argentina,2006,314796.0,452.8304,11870.2791559298,40.4334798719151,2.38106854489628,9.2,11.9102616607561,0.5096456,
AR,Argentina,2007,311632.0,471.6905,12811.9021206578,40.945170618571,2.25129423568361,7.7,13.0985413493544,0.5040718,
AR,Argentina,2008,308468.0,450.3852,13197.3570267029,40.4026733790382,2.68990096507093,7.7,12.313946714342,0.4084075,
AR,Argentina,2009,305304.0,403.417,12285.3784651865,34.0571269054879,1.20643922647566,8.6,12.4162075416805,0.3882056,
AR,Argentina,2010,302140.0,412.4492,13387.1553748458,34.9710132635696,2.67516171886535,8.8,12.6901062454749,0.4439987,
AR,Argentina,2011,299906.0,396.8028,14040.6189124444,35.2061549999644,2.04465997872008,8.8,14.0087151168124,0.3421553,
AR,Argentina,2012,297672.0,442.1796,13754.4254235596,30.5265423717108,2.80667189982932,8.6,15.2128150156924,0.3112012,
AR,Argentina,2013,295438.0,445.3664,13946.0950832252,29.3339290021037,1.77920553648531,8.9,15.7290920133564,0.2479511,
AR,Argentina,2014,293204.0,417.0269,13456.1319159151,28.4067936452275,0.962406650325519,9.8,13.8237692455151,0.3052787,
AR,Argentina,2015,290970.0,402.6503,13679.6264980954,22.4862260889792,1.97713461784426,9.4,14.4142330417064,0.3678175,
AR,Argentina,2016,290100.0,398.8717,13265.8860639123,26.0938878488799,0.584748941173009,9.4,13.6676334273514,0.4495506,
AR,Argentina,2017,288990.0,408.8116,13520.1129846159,25.2896011376779,1.78936504083806,10.4,15.9584973420583,0.5819915,
AR,Argentina,2018,287910.0,409.8229,13058.3285449954,30.7625359549926,2.23253157689253,10.5,,0.6297742,
AR,Argentina,2019,286810.0,377.3891,12706.3978108968,32.6306150458499,1.48500687570697,10.7,14.4776292447323,0.5979723,
AR,Argentina,2020,285730.0,422.0427,11393.0505957877,30.203698807416,1.26616924308721,9.8,15.746489768328,0.5903064,
AR,Argentina,2021,284640.0,423.1267,12549.2811699342,33.078689567466,1.36838083162438,9.2,13.2644289814534,0.5235454,
AR,Argentina,2022,283550.0,430.5684,13276.8232110189,31.5801792606256,2.3984601182853,,12.8891009335255,0.4969087,
AR,Argentina,2023,282461.852,424.7075,12993.0928872416,26.6769512482215,3.81190879856952,,15.3570823376104,0.49616,
BO,Bolivia,2000,551013.9,70.6953,2014.19024658446,45.5977750218555,8.76830997312938,29.2,58.7218026947676,0.2098424,
BO,Bolivia,2001,548998.52,69.2882,2013.84581083123,45.2278224315522,8.66860569359696,29.0,53.5566000288067,,
BO,Bolivia,2002,546983.14,70.4555,2029.66993638623,49.3502603725957,8.55789350643914,28.1,51.001676850074,0.0252086,
BO,Bolivia,2003,544967.76,71.4821,2050.07133411879,51.967836443987,2.442343967183,27.0,47.8805198583618,-0.0799714,
BO,Bolivia,2004,542952.38,72.8094,2099.990810637,57.4642660901316,0.745772608696722,25.8,42.6507012903778,-0.0983289,
BO,Bolivia,2005,540937.0,73.4047,2156.18670325307,67.6419413613743,-2.49886824544741,24.6,39.7951588996808,0.0909855,
BO,Bolivia,2006,538921.62,74.5378,2221.42722587103,74.537848431547,2.45168756123775,23.7,35.1778876648113,0.1494004,
BO,Bolivia,2007,536906.24,79.2119,2283.4273357151,76.0619114476148,2.79185385749299,22.1,34.3464279647996,0.0758027999999999,
BO,Bolivia,2008,534890.86,73.1943,2383.2503257823,82.8670208961798,3.07261074755318,21.3,31.4948343659664,0.0220861,
BO,Bolivia,2009,532875.48,74.5948,2422.57579390007,68.6270739127592,2.43967814560444,20.6,34.0214297799199,0.0738735,
BO,Bolivia,2010,530860.1,77.9566,2481.40700850945,75.5116262512877,3.16542867647895,19.9,36.029022193555,0.0367525,
BO,Bolivia,2011,528742.52,78.8133,2568.5205166368,82.4803954243518,3.58442251378885,18.1,36.7535059221777,-0.0848776,
BO,Bolivia,2012,526624.94,80.6428,2657.23884915853,84.9487611684942,3.9135501461408,17.4,38.9658038429773,-0.162847699999999,
BO,Bolivia,2013,524507.36,82.4475,2793.51457098676,81.2309075267174,5.7066221190291,16.0,40.9310950343345,-0.1734942,
BO,Bolivia,2014,522389.78,83.5032,2900.90241586338,85.2644695625131,1.98982485629696,15.0,43.7497193000006,-0.0995359,
BO,Bolivia,2015,520272.2,84.5201,2996.01289811344,67.9328451905248,1.68072787961335,14.2,51.4488724591572,-0.1594334,
BO,Bolivia,2016,517506.8,86.2469,3077.57057564766,56.4010345026573,0.988080149462259,13.6,57.4086457676424,-0.1911694,
BO,Bolivia,2017,514922.2,86.9089,3160.16421228968,45.5761123650708,1.55130384811576,14.3,47.873300738401,-0.227986599999999,
BO,Bolivia,2018,512532.4,87.61,3204.53670819124,46.9261953417368,0.624547731622922,14.3,52.1161124499522,-0.322517799999999,
BO,Bolivia,2019,510337.6,88.5317,3207.3869521223,45.8209732749024,-0.44160551411852,13.5,54.8862654855189,-0.4802862,
BO,Bolivia,2020,508337.6,85.3791,2765.0927177231,37.5164342446486,-2.66931283946252,16.9,69.3991245633785,-0.3793012,
BO,Bolivia,2021,506207.733,89.5216,3011.55110807557,47.6670843158984,1.21888494970059,12.8,62.8488382346261,-0.3237121,
BO,Bolivia,2022,504164.444,91.568,3088.24126155241,57.5249335789631,0.0122391923945909,,62.9475276019569,-0.395731899999999,
BO,Bolivia,2023,502063.436,93.3488,3122.77049447823,49.6083255594597,0.458812480265399,,60.2219708371781,-0.4295062,
BR,Brasil,2000,5510886.0,1978.414,6817.78345634413,22.6397613589755,5.0339171410898,42.7,31.140985776572,0.2885598,
BR,Brasil,2001,5471378.1,1937.6158,6823.0331851176,26.936285024943,4.14759326073982,41.3,29.0040380203225,,
BR,Brasil,2002,5431870.2,2159.089,6944.62257593723,27.6183574077173,3.25358063263725,42.9,29.6451419426432,0.4840152,
BR,Brasil,2003,5392362.3,3224.7448,6941.43965883253,28.1403847215489,1.81340059419325,45.1,27.6856699440399,0.489488,
BR,Brasil,2004,5352854.4,3458.5265,7258.78101654079,29.6782524803495,2.71353208011572,45.2,29.3727702559767,0.4728434,
BR,Brasil,2005,5313346.5,2474.8536,7409.56827992249,27.0867952052479,1.73389357182998,46.1,31.8397841553463,0.5823979,
BR,Brasil,2006,5273838.6,2132.4154,7622.03919432148,26.0416998879446,1.753125434984,46.7,35.4251666759672,0.6050008,
BR,Brasil,2007,5234330.7,1815.8044,8003.2532101272,25.2926113757805,3.19082655934052,47.2,40.6909379439314,0.5861992,
BR,Brasil,2008,5194822.8,1955.7888,8330.76364001877,27.2575694165953,2.99060892561747,47.0,45.7822559944444,0.6354814,
BR,Brasil,2009,5155314.9,1334.514,8246.09612122851,22.1059756060711,1.88848240446291,48.9,47.4942898468856,0.5739753,
BR,Brasil,2010,5115807.0,1349.3285,8792.63334959864,22.7721781132208,3.73001226987179,46.8,52.7646576299427,0.6301767,
BR,Brasil,2011,5100415.2,1437.6399,9067.99212019529,23.9344051765103,3.91517954138648,45.2,58.0784911068154,0.5275116,
BR,Brasil,2012,5085023.4,1325.9036,9167.49818450433,25.1142736103322,3.75496210868766,43.5,62.5192932013758,0.5532977,
BR,Brasil,2013,5069631.6,1590.4799,9366.73824670239,25.7859573281452,3.04150922966082,42.3,64.2305738280513,0.4259615,
BR,Brasil,2014,5054239.8,1477.6281,9338.34170840985,24.685405813292,3.57135261310663,41.7,66.0285103939577,0.4250488,
BR,Brasil,2015,5038850.0,1571.0569,8936.1955889444,26.9536259372369,3.59214973121732,43.7,66.8297006472797,0.461258,
BR,Brasil,2016,5020820.0,1606.6779,8577.84277969667,24.5336820770756,4.13737853830264,45.4,62.1940069637572,0.4599637,
BR,Brasil,2017,5000920.0,1498.7285,8628.25209645723,24.3197343741684,3.33826028420938,45.3,59.4843092970149,0.4292352,
BR,Brasil,2018,4990510.0,1522.0968,8722.33529970988,28.876203376153,4.07858861807831,46.9,60.2183479382346,0.2933228,
BR,Brasil,2019,4977990.0,1723.1686,8771.43950372603,28.8902578697354,3.69267330426814,47.5,62.7905050793429,0.2046798,
BR,Brasil,2020,4966196.0,1812.689,8435.01046209185,32.3020785443492,2.59263784624068,50.0,68.6961548472792,0.166765,
BR,Brasil,2021,4953910.0,2102.5593,8799.22844579944,37.6563307592575,2.77979074096507,46.5,68.8052246831437,0.0763533,
BR,Brasil,2022,4941960.0,2030.0091,9032.08377657776,38.8160659764321,3.86803201499441,,70.6060973784652,0.0304374,
BR,Brasil,2023,4929787.518,2048.6376,9288.02594608687,33.6662298301284,2.86383330702497,,71.0755405508788,0.2490433,
CL,Chile,2000,158170.6,3.1275,8465.35303258864,58.7119230876973,6.20376708218785,31.4,,1.0475315,
CL,Chile,2001,159078.8,1.271,8632.0148244056,62.1447669687645,5.8676609577396,32.1,73.0816959622537,,
CL,Chile,2002,159987.0,15.2692,8810.69052712257,62.4838519016295,3.62905823074114,33.1,74.3460982791172,1.1727888,
CL,Chile,2003,160895.2,5.92880000000001,9130.7842621819,65.693419590905,4.556949756395,31.6,75.8320621380067,1.1271467,
CL,Chile,2004,161803.4,17.484,9642.37478651228,69.8893600532458,5.01507138064187,31.4,76.7499857822204,1.1582869,
CL,Chile,2005,162711.6,19.6465,10104.4208391373,72.0625342380294,4.89870698303569,32.3,77.634565408211,1.3084365,
CL,Chile,2006,163619.8,18.9933,10611.6144012877,73.7116350448521,3.0910197191962,32.9,78.1133233692663,1.3059517,
CL,Chile,2007,164528.0,39.8135,11051.3450717678,76.9770247140928,6.11348994449279,30.5,84.0752473162029,1.3140093,
CL,Chile,2008,165436.2,47.3344,11356.0922105983,80.6766262406468,10.4571112913238,30.8,100.172568090545,1.244017,
CL,Chile,2009,166344.4,40.4356,11116.4093443103,66.6860309631418,7.42256247898025,31.5,102.687075908392,1.2749544,
CL,Chile,2010,167252.6,36.0371,11649.2897090856,69.7176801370338,6.84144686828522,27.0,99.4755906592451,1.259344,
CL,Chile,2011,168994.24,47.1814,12252.8441074615,72.4816428077334,10.4897738058645,28.8,101.863485350982,1.1506042,
CL,Chile,2012,170735.88,57.2404,12882.834417927,68.156142891334,11.9097449981544,30.3,104.266686517931,1.1457118,
CL,Chile,2013,172477.52,53.8766,13182.7329619856,65.1432879523879,7.61396398974862,30.2,104.149344550832,1.1428919,
CL,Chile,2014,174219.16,49.4616,13285.9540361192,65.6346281218887,9.83500371419039,27.0,107.29402770779,1.1535631,
CL,Chile,2015,175960.8,66.5069,13433.9202987032,59.3491104775309,7.32780348711267,25.1,108.683157928884,1.126836,
CL,Chile,2016,177190.1,57.9681,13505.097711133,56.0578610877723,4.55707488153847,24.6,109.658986217723,1.1140561,
CL,Chile,2017,178419.4,136.3517,13473.3458532934,56.0261589675707,1.89647029836548,24.1,111.859731058874,1.1097074,
CL,Chile,2018,179648.7,73.7286,13763.0068844795,58.177050633437,2.68461345207245,25.5,116.098274611163,1.117223,
CL,Chile,2019,180878.0,82.7284,13630.5935435578,57.6117545680829,4.87956164130548,25.3,123.249083555952,1.0810036,
CL,Chile,2020,182107.0,70.8449,12679.024004022,58.1828635629748,4.50610139661101,26.7,123.562500975164,1.0554867,
CL,Chile,2021,183336.2,64.5423,14051.4713630677,64.8774063237834,4.81308998117864,24.2,109.321889752715,0.9953359,
CL,Chile,2022,184565.266,72.0651,14283.1489501524,75.2016177425303,6.2318507042491,,112.621958263293,1.0098662,
CL,Chile,2023,185794.421,59.3743,14280.3475638842,60.7247236874408,5.47730938390937,,109.486414776185,1.0282277,
CO,Colombia,2000,627355.0,257.4326,4016.80951748167,32.6670854693067,2.43950747934181,27.9,20.9474743929536,-0.5922271,
CO,Colombia,2001,625427.29,237.8467,4020.50789754842,33.9011117949445,2.58851936306874,27.1,21.9066125992657,,
CO,Colombia,2002,623499.58,236.5674,4058.28493578738,32.9826392144234,2.17844751407948,28.6,21.5233089569655,-0.4840006,
CO,Colombia,2003,621571.87,252.3861,4154.17528523618,36.51618351723,1.81783931129221,30.6,21.0762350135313,-0.4809283,
CO,Colombia,2004,619644.16,251.7448,4311.91591255233,35.8634269337995,2.66083488771203,29.0,22.1991386566001,-0.2483938,
CO,Colombia,2005,617716.45,240.1254,4457.27537460443,37.422697494955,7.02979401438219,28.9,22.7527186089506,-0.2388351,
CO,Colombia,2006,615788.74,236.8008,4694.03442939175,39.6413559606293,4.17238510059526,30.6,27.3293271996088,-0.172663999999999,
CO,Colombia,2007,613861.03,243.3174,4947.25260813108,37.0988970982903,4.30867680626701,31.0,30.5665682234069,-0.1246963,
CO,Colombia,2008,611933.32,240.4941,5048.57187245249,39.1676494164355,4.35627834630067,30.8,31.3428821283831,-0.1170257,
CO,Colombia,2009,610005.61,238.9319,5046.97121757727,35.1561285074585,3.45627065154005,31.4,30.058849809334,-0.1398022,
CO,Colombia,2010,608077.9,245.3751,5214.24547620131,34.2646031687681,2.24433595561184,30.6,32.3529586377969,-0.1461791,
CO,Colombia,2011,606731.64,259.073,5517.1011086899,39.4704235545367,4.37269536127322,29.6,34.9599738877775,-0.0089158,
CO,Colombia,2012,605385.38,256.4915,5675.75617978305,38.835151018669,4.05728041313345,29.6,37.7448515262876,-0.0525201,
CO,Colombia,2013,604039.12,248.9017,5910.80592301166,37.9866487978457,4.24252457969381,32.0,39.4836916913458,-0.112052,
CO,Colombia,2014,602692.86,254.2713,6121.83982019825,37.4874656411103,4.24107256687862,32.1,42.3846056970012,-0.0568228999999999,
CO,Colombia,2015,601346.6,248.3863,6248.51490534512,38.3607641184453,3.95939854860993,31.1,46.9053935998568,0.0168067,
CO,Colombia,2016,599594.9,278.949,6316.07067782542,36.202652984202,4.90164572903473,30.5,47.0541978052352,0.0341417,
CO,Colombia,2017,597397.7,298.6895,6309.67745292518,35.2829149424588,4.3931823276543,32.2,49.8054213986161,0.020767,
CO,Colombia,2018,595404.8,301.8533,6353.5464285392,36.5347527968973,3.38083573220188,30.4,45.8707074728714,0.0817099999999999,
CO,Colombia,2019,593412.0,289.2538,6439.96359812647,37.558533980839,4.33058240931506,31.5,46.0415781067709,0.0805217999999999,
CO,Colombia,2020,591419.1,297.6858,5891.95523215403,34.0555709680101,2.7588942895314,32.0,51.9987790610816,0.0627933,
CO,Colombia,2021,589426.267,308.7081,6457.16921807086,40.0591463936128,3.00175693787234,29.7,47.9124060650503,-0.0098546,
CO,Colombia,2022,587433.389,305.77,6856.72590505374,48.2826551123359,4.97124137726565,,44.1883129591758,0.0288542,
CO,Colombia,2023,585440.541,311.4858,6828.59753791113,40.3881324933957,4.58478761240549,,41.6579211967186,0.0303931,
CR,Costa Rica,2000,28572.2,28.5699,7726.51985682031,86.5249235130705,4.81846449896273,33.0,,1.085921,
CR,Costa Rica,2001,28586.18,26.2708,7854.2339580182,80.852758718109,3.89233617537996,32.1,,,
CR,Costa Rica,2002,28600.16,23.8368,7989.55926102157,80.4139443360039,4.36202694033196,32.5,,1.1280853,
CR,Costa Rica,2003,28614.14,21.8207,8207.45746763047,83.3277075355642,4.48353970316272,33.3,,1.0817593,
CR,Costa Rica,2004,28628.12,19.6445,8445.52914945791,85.2564771965872,5.8231265333186,39.2,,1.0488429,
CR,Costa Rica,2005,28642.1,17.6022,8655.33965418585,89.2226638923224,7.62843539507747,41.7,35.8602191338169,1.0234028,
CR,Costa Rica,2006,28656.08,17.8464,9160.29437453236,89.8145546136931,7.92850433097117,42.4,37.8629840925685,1.051927,
CR,Costa Rica,2007,28670.06,18.6315,9779.51149389818,86.4565958439349,8.33742597856098,41.2,43.7723776439847,1.0639641,
CR,Costa Rica,2008,28684.04,18.4877,10104.9092039691,86.4015127113254,7.90900698278232,40.7,49.3806062420387,1.0271486,
CR,Costa Rica,2009,28698.02,17.9877,9883.67567046297,69.7593177251535,5.25151067245965,40.7,47.6533510789576,1.0597232,
CR,Costa Rica,2010,28712.0,17.8212,10285.0856660419,67.512089684107,5.06371170213526,40.4,44.3141331651118,1.1191398,
CR,Costa Rica,2011,28875.66,17.5438,10612.4694861141,68.6391465074016,6.39172539644787,38.0,46.0200427541641,1.110229,
CR,Costa Rica,2012,29039.32,18.2616,11001.5192856576,67.0485392950976,5.70866124854743,38.1,47.4513205823866,1.0972617,
CR,Costa Rica,2013,29202.98,19.2553,11151.1437869768,64.0664105879442,6.29127735209415,37.8,49.7299243611404,1.08912,
CR,Costa Rica,2014,29366.64,13.3128,11422.6735793176,65.1912420532368,6.23293662208767,37.6,53.0984453119681,1.1415848,
CR,Costa Rica,2015,29530.3,14.8184,11714.7105980732,60.753561939521,5.23639457671538,38.3,55.1272484302094,1.1586172,
CR,Costa Rica,2016,29694.0,13.5278,12084.4351325634,62.1784781768295,4.45296211770326,34.1,58.638053772552,1.1385772,
CR,Costa Rica,2017,29857.7,12.4456,12468.5654531709,65.0719537438815,4.83327522078441,33.3,59.6859060134447,1.1764736,
CR,Costa Rica,2018,30021.3,12.925,12679.5253643016,66.945342016636,4.829438721344,33.1,60.304459465327,1.2067174,
CR,Costa Rica,2019,30185.0,12.7796,12877.650101079,65.7605300176622,4.22094016659811,33.4,56.1781065050745,1.1972153,
CR,Costa Rica,2020,30348.7,11.2744,12242.2098908533,60.1398862509533,3.37043523313038,36.4,60.1355330868076,1.2021175,
CR,Costa Rica,2021,30512.4,12.3545,13146.6927918465,70.7816423027085,5.53072986406838,34.2,56.589569581111,1.126743,
CR,Costa Rica,2022,30676.1,12.6117,13686.1614090822,82.2275325353143,5.4175310653788,,52.6621990605343,1.1110038,
CR,Costa Rica,2023,30839.8,13.6534,14318.8389652137,72.4719990801769,5.4191807109794,,51.1196932765603,1.0983992,
CU,Cuba,2000,24350.0,28.5786,4112.26168350671,31.0759878817225,,34.4,,-1.5049134,
CU,Cuba,2001,24847.0,26.4247,4229.90309433356,29.3610963815873,,34.0,,,
CU,Cuba,2002,25344.0,24.8206,4277.39565642359,24.7293133475239,,34.8,,-1.520452,
CU,Cuba,2003,25841.0,23.3527,4426.96599591833,26.5871335777077,,33.6,,-1.52702689999999,
CU,Cuba,2004,26338.0,22.0237,4670.18802138025,31.3114153338743,,33.8,,-1.6879273,
CU,Cuba,2005,26835.0,21.6688,5182.35283601732,39.3613744331974,,26.3,,-1.6912789,
CU,Cuba,2006,27332.0,22.7055,5799.41163668615,37.1880142882062,,22.0,,-1.58201519999999,
CU,Cuba,2007,27829.0,22.5214,6215.76603727772,37.9676096642032,,18.6,,-1.5387505,
CU,Cuba,2008,28326.0,21.9198,6469.08507847668,44.917220748508,,18.7,,-1.5412803,
CU,Cuba,2009,28823.0,21.3156,6561.25305093006,32.9139819587629,,19.0,,-1.5419817,
CU,Cuba,2010,29320.0,21.1943,6716.49048497058,40.2919413008332,,15.6,,-1.5192541,
CU,Cuba,2011,29824.0,21.3218,6902.16397571139,46.9604290476881,,19.2,,-1.50057899999999,
CU,Cuba,2012,30328.0,21.8025,7109.24834185635,45.8662036340766,,19.4,,-1.49915399999999,
CU,Cuba,2013,30832.0,20.8367,7307.82004410741,44.3238969253902,,18.2,,-1.46986589999999,
CU,Cuba,2014,31336.0,18.0643,7392.48324633027,39.2741528539069,,23.2,,-1.4282708,
CU,Cuba,2015,31840.0,19.9102,7727.91997207998,31.6138124793419,,21.1,,-1.39812809999999,
CU,Cuba,2016,32410.0,17.4271,7774.0698462623,27.2691132420785,,19.2,,-1.41036119999999,
CU,Cuba,2017,32420.0,15.6853,7927.27769431767,26.2224363787618,,22.0,,-1.4159595,
CU,Cuba,2018,32420.0,15.3175,8120.43123558256,27.0835484486147,,24.0,,-1.2856792,
CU,Cuba,2019,32420.0,11.7035,8124.75282059108,22.8208911354416,,23.1,,-1.1895935,
CU,Cuba,2020,32420.0,6.2428,7252.28811179844,15.6829868097474,,24.5,,-1.1899555,
CU,Cuba,2021,32420.0,9.0435,7379.04275283674,80.0237703083904,,20.9,,-1.2291961,
CU,Cuba,2022,32420.0,7.2309,7552.33152218842,93.8607755890525,,,,-1.2297456,
CU,Cuba,2023,32420.0,7.3338,7433.42885399674,120.533878427187,,,,-1.2493934,
EC,Ecuador,2000,137305.0,85.3004,3953.39879728357,65.4042953826391,-0.133637950998727,19.4,,-0.349825599999999,
EC,Ecuador,2001,136602.69,88.8031,4049.0001889951,56.128486744205,2.32873824691471,17.1,,,
EC,Ecuador,2002,135900.38,88.5564,4174.89793579965,54.7966439366136,2.8951552675912,17.1,19.0719396318142,-0.1439229,
EC,Ecuador,2003,135198.07,90.1864,4220.21298466638,52.3575426975979,2.81449236195545,16.6,18.0551202336506,-0.1090056,
EC,Ecuador,2004,134495.76,93.4975,4430.23717984188,56.0745467239942,2.37801066697343,16.7,20.5413980220229,-0.1412869,
EC,Ecuador,2005,133793.45,93.9838,4589.32849203452,61.9581507902572,1.22499487397379,16.2,21.9843010481258,-0.1617977,
EC,Ecuador,2006,133091.14,95.9813,4706.98056823816,65.8423556166562,0.594056305145447,14.2,22.3312165490477,-0.1342305,
EC,Ecuador,2007,132388.83,95.0187,4715.30359842555,68.8505854462677,0.388921736574003,15.9,23.3804598593846,-0.0516943999999999,
EC,Ecuador,2008,131686.52,95.414,4939.90215021789,74.5902963648439,1.7294958127597,15.3,23.9648755618427,-0.1418374,
EC,Ecuador,2009,130984.21,98.3559,4909.33681705683,57.3473460627608,0.513570185696715,12.9,24.8896332211154,-0.133163199999999,
EC,Ecuador,2010,130281.9,101.1489,5022.20374387205,65.7773849135062,0.243419054034351,11.8,27.0843336858919,-0.1711153,
EC,Ecuador,2011,129863.88,100.4775,5359.45724615639,70.0356837525249,0.817966548837347,13.2,27.5915486903939,-0.183273,
EC,Ecuador,2012,129445.86,99.5696,5579.85624282158,67.0029290916898,0.646739602691481,13.2,28.44437278344,-0.339713999999999,
EC,Ecuador,2013,129027.84,102.0359,5893.32172683036,63.4333003342414,0.752903273859877,11.8,28.5522332055412,-0.3577029,
EC,Ecuador,2014,128609.82,103.1527,6055.04172761485,61.4263766217565,0.751953401658059,12.2,29.208430980274,-0.317060499999999,
EC,Ecuador,2015,128191.8,100.4096,5976.1596805651,47.8280397077826,1.36067004574537,13.1,29.9362613682185,-0.4061724,
EC,Ecuador,2016,127549.1,98.15,5849.13587933672,40.5344917996647,0.78469808886928,14.8,31.5046558000332,-0.3716661,
EC,Ecuador,2017,126906.4,92.7844,6104.27253521751,43.6177233172817,0.605279629548276,17.0,34.2208461040213,-0.326162599999999,
EC,Ecuador,2018,126263.7,89.5915,6063.0956178776,48.0093476154836,1.29342873266166,16.3,38.3374947486699,-0.1611409,
EC,Ecuador,2019,125621.0,90.0403,5971.38938386723,48.0828494933307,0.915058228783613,17.7,42.6915820194147,-0.1418141,
EC,Ecuador,2020,124978.3,84.2595,5355.68934196443,43.9893109378389,1.16754746598289,20.2,49.0557050652741,-0.1590886,
EC,Ecuador,2021,124335.6,93.0481,5815.09477390949,53.261275610573,0.607511454080008,18.9,49.7533981232754,-0.0753616999999999,
EC,Ecuador,2022,123692.9,96.6516,6107.49495006543,61.880792818786,0.759467924339618,,52.3799487703168,-0.0898423,
EC,Ecuador,2023,123050.2,98.9949,6174.81822806637,56.9977535649091,0.39702767894988,,54.4947251674632,-0.1241577,
SV,El Salvador,2000,6738.8,12.3993,2964.89346881406,68.7100889044911,1.47137092746017,33.5,,-0.3754531,
SV,El Salvador,2001,6693.8,12.9719,2978.59734844669,65.8907385362251,2.2707041485317,33.1,45.9128728950283,,
SV,El Salvador,2002,6648.8,13.1339,3016.06307728602,65.9190907767708,3.71125187529755,34.0,45.5604582375641,-0.083174,
SV,El Salvador,2003,6603.8,13.5946,3057.16467629097,68.23698247861,1.06615183714648,33.9,47.4286524146364,-0.0619054,
SV,El Salvador,2004,6558.8,14.0044,3081.23629665234,69.7822641767691,2.64681242347754,33.3,48.1551897350887,-0.0537792,
SV,El Salvador,2005,6513.8,14.2773,3163.36118376833,69.7158116750578,3.47761600217717,34.1,49.9239191050969,-0.0607406,
SV,El Salvador,2006,6468.8,14.768,3302.34817354347,73.4555675070266,1.50707286112592,34.8,50.2764169762417,0.0675239,
SV,El Salvador,2007,6423.8,15.0196,3359.1623024135,77.6210560347995,9.11434743633077,28.2,51.5342970603847,0.0332669,
SV,El Salvador,2008,6378.8,14.508,3420.44927357444,80.6659739399085,5.0206011155903,31.5,51.0548677298855,0.0481141,
SV,El Salvador,2009,6333.8,14.2307,3337.81150878211,66.0711911744487,2.09486399547314,32.2,54.5525792579328,0.0191931,
SV,El Salvador,2010,6288.8,13.8876,3398.49346060363,73.5372876725398,-0.613406192808089,32.6,52.3104277458922,0.032629,
SV,El Salvador,2011,6243.8,11.3323,3514.069144355,79.2766437025052,0.603930846788838,29.5,49.9977176790519,-0.0157832,
SV,El Salvador,2012,6198.8,11.5968,3601.44222914588,77.6485716222883,2.01123945886672,30.3,49.2960792034564,-0.116027499999999,
SV,El Salvador,2013,6153.8,10.7851,3665.1547327058,80.4511944908271,1.11490857279595,27.5,51.504185703808,-0.0962094999999999,
SV,El Salvador,2014,6108.8,11.271,3713.94992016222,78.1044257477935,2.2408951362935,24.0,53.2701980017235,0.0477758,
SV,El Salvador,2015,6063.8,11.7674,3790.34089108162,76.5602707370519,2.10997804482034,21.0,54.0918954267897,-0.0514586999999999,
SV,El Salvador,2016,6018.8,11.7256,3875.84691357954,72.8190933731491,1.98198031581358,20.7,55.0597980078069,-0.0424607,
SV,El Salvador,2017,5973.8,11.0774,3954.84014277572,74.3046511916519,2.01688451540263,25.0,56.0486779897987,-0.0652348,
SV,El Salvador,2018,5928.8,11.3958,4046.16291720583,75.6336168879956,1.58620478716365,23.2,57.2770156356153,-0.129725199999999,
SV,El Salvador,2019,5883.8,12.4229,4143.11437097867,76.0420130991468,2.59024369040438,19.4,59.0743132128325,-0.0355093,
SV,El Salvador,2020,5838.8,11.3021,3808.53195436409,66.4595069497083,1.55101998611342,23.7,65.3332227111145,-0.093384,
SV,El Salvador,2021,5793.8,12.2529,4247.54750394978,81.8450759800765,2.7560499827498,21.9,61.139568580911,-0.334136999999999,
SV,El Salvador,2022,5748.8,13.2587,4355.96083888359,88.7011093776867,0.0823187568481088,,62.6134049968434,-0.577896899999999,
SV,El Salvador,2023,5703.8,14.0361,4489.17787712717,81.7147723425988,1.89928827474734,,61.9007180453442,-0.6318902,
GT,Guatemala,2000,42092.0,51.5263,3165.9323746889,49.1455879049537,-4.08835554722306,62.7,,-0.595956399999999,
GT,Guatemala,2001,41605.4,53.3275,3166.20351297452,70.6690331769476,-5.088199966054,61.3,22.7667131917867,,
GT,Guatemala,2002,41118.8,54.2156,3213.26837369582,67.1048115244645,-4.97449876130187,63.8,21.5615722204279,-0.520685,
GT,Guatemala,2003,40632.2,60.8715,3222.15468293683,67.0023391862425,0.0903239703402523,64.3,26.6544081298562,-0.504424099999999,
GT,Guatemala,2004,40145.6,51.8098,3250.20406037693,70.2148723581872,1.36317570702825,66.1,26.6308452510315,-0.3090642,
GT,Guatemala,2005,39659.0,57.785,3284.80971612832,67.1036996082037,2.01617500337249,65.2,25.7664440515198,-0.2898653,
GT,Guatemala,2006,39172.4,55.1934,3388.15003339926,67.9119237396616,2.13587522888421,64.7,28.8284931279669,-0.0758399,
GT,Guatemala,2007,38685.8,58.5487,3527.7782721364,69.0013643101763,2.55959192771149,63.3,28.6410259515017,-0.122533999999999,
GT,Guatemala,2008,38199.2,56.7982,3569.92861121538,65.1787305213103,1.89952208705823,66.5,27.7613592965688,-0.1529893,
GT,Guatemala,2009,37712.6,58.5128,3516.19227725255,58.0406869738673,1.34627822535543,65.3,25.7563600648175,-0.1793457,
GT,Guatemala,2010,37226.0,57.3406,3546.6258162259,63.1251925746222,2.71030706792051,67.1,24.2180601037473,-0.2765199,
GT,Guatemala,2011,36952.4,60.0526,3621.37409769184,65.0470510420457,1.87038244023626,67.1,23.9639376614018,-0.3393179,
GT,Guatemala,2012,36678.8,57.9344,3655.57315791242,61.9594193352042,2.82256297187213,67.4,32.1720830379679,-0.2917547,
GT,Guatemala,2013,36405.2,61.9203,3717.30462628413,56.6852490208198,2.87216286478145,67.2,33.1309585321585,-0.328015499999999,
GT,Guatemala,2014,36131.6,62.2227,3809.61587570091,55.0832735945126,2.43302117698753,66.2,33.4961486193578,-0.3165549,
GT,Guatemala,2015,35858.0,66.4941,3893.50533299068,49.8934517710689,1.93508794944894,63.3,35.2622053205775,-0.293462799999999,
GT,Guatemala,2016,35742.0,74.967,3924.77894837098,46.3727344722496,1.28045862124744,63.2,35.7028467505685,-0.2657024,
GT,Guatemala,2017,35626.0,67.7599,3972.74057836068,46.0694033463258,1.39328931381397,65.0,35.1676232731098,-0.2370381,
GT,Guatemala,2018,35510.0,69.4812,4040.2121371198,47.0116852699223,1.25790065429015,64.0,35.0489070448464,-0.307068299999999,
GT,Guatemala,2019,35394.0,75.148,4139.12203836307,45.5167341512863,1.51707073546928,62.8,34.0772266375074,-0.339720199999999,
GT,Guatemala,2020,35278.0,79.5544,4005.83911593999,41.1407594507716,1.29230382378627,65.5,35.850727668634,-0.357609399999999,
GT,Guatemala,2021,35162.0,76.0152,4268.62858565412,49.2611494576228,4.19448571319716,62.1,35.6614893229197,-0.435668599999999,
GT,Guatemala,2022,35046.0,72.3803,4385.14891178047,54.4310384820058,1.51615526851124,,36.594840768713,-0.4749828,
GT,Guatemala,2023,34930.0,73.8859,4470.70728455461,48.2970707467356,1.58123029170621,,37.1320996600477,-0.489678799999999,
HT,Haití,2000,3806.5,10.7962,1342.89490450523,27.1535220636918,0.194464980712557,80.8,9.01797134417478,-0.9124186,
HT,Haití,2001,3804.23,10.8947,1314.11419693969,27.569933019116,0.0694886389960982,80.9,8.34335061835139,,
HT,Haití,2002,3801.96,11.2058,1304.5293810385,24.9396784759828,0.0918488613041635,79.1,9.82698046540635,-1.1636075,
HT,Haití,2003,3799.69,11.2765,1326.47161042212,37.1973434444641,0.272084819262136,79.0,9.67396425603749,-1.0599515,
HT,Haití,2004,3797.42,11.2212,1286.90282128221,33.7809703531059,0.0969221359795515,81.1,8.28137380723943,-1.1063672,
HT,Haití,2005,3795.15,11.4091,1304.33303731231,34.9651045038228,0.369835650694654,81.1,8.86270292207163,-0.9480812,
HT,Haití,2006,3792.88,11.5652,1305.03813815611,37.0570704128996,2.10244121995639,81.4,8.47020352088079,-0.781307,
HT,Haití,2007,3790.61,12.0965,1343.61111422048,34.2825489611293,0.807269738778004,79.3,8.0621651109807,-0.696655999999999,
HT,Haití,2008,3788.34,12.2094,1356.53400140048,36.1450381454244,0.285633151798952,79.6,8.68209202650164,-0.5888618,
HT,Haití,2009,3786.07,12.3706,1412.89653523429,33.0964998246108,0.478313239983432,80.3,8.21108523727506,-0.6608973,
HT,Haití,2010,3783.8,13.0332,1317.58389339746,44.7215241260457,1.50093014768549,79.0,7.79703967463653,-0.7490678,
HT,Haití,2011,3752.74,13.5878,1369.16921255852,44.1635704019387,0.91476918408797,79.0,8.51878003547406,-0.7594984,
HT,Haití,2012,3721.68,13.59,1354.88546124499,40.2582414988129,1.13794476642421,82.2,10.814964045335,-0.710594,
HT,Haití,2013,3690.62,13.8687,1392.38204736859,40.3325097562551,1.0865204500402,80.4,10.7615276089025,-0.7334972,
HT,Haití,2014,3659.56,14.1741,1411.76834802154,42.3515259071619,0.653599798370867,77.8,11.4152315549394,-0.7323394,
HT,Haití,2015,3628.5,14.5184,1411.12684746796,41.9457381172044,0.711667596569424,76.1,10.7679267730686,-0.8820112,
HT,Haití,2016,3597.4,14.8169,1416.74881879698,41.4109022161974,0.745596209929376,76.1,10.4552757071217,-0.8411095,
HT,Haití,2017,3566.3,14.8407,1432.67228609541,42.0745477868911,2.48360915333592,76.2,9.82631897315958,-0.7824757,
HT,Haití,2018,3535.2,15.0888,1437.35251928349,45.1385763027223,0.640093066153268,76.2,11.2063306533874,-0.7805673,
HT,Haití,2019,3504.1,14.973,1394.42114071112,44.5687187758294,0.499464210439719,76.4,10.3687008659048,-0.8359679,
HT,Haití,2020,3473.0,14.6626,1331.69778506932,37.4138801252638,0.17231607778598,76.3,8.60933596942957,-0.8710311,
HT,Haití,2021,3441.9,14.6116,1292.71954963551,37.0465594645645,0.244929572826407,76.7,8.31227901324056,-1.0935313,
HT,Haití,2022,3410.8,14.6287,1256.72143592448,36.529550283828,0.194598953085393,,8.23905048963666,-1.2193892,
HT,Haití,2023,3379.7,14.7635,1219.11871645847,30.7854236995359,0.119129583029912,,5.16811191601216,-1.2231222,
HN,Honduras,2000,67782.7,1.3483,1789.47798512637,120.392164584236,4.8698431531529,55.2,,-0.471841599999999,
HN,Honduras,2001,67579.9,2.4408,1789.18816032117,115.943071737954,4.04940697578742,50.4,36.6835662057379,,
HN,Honduras,2002,67377.1,3.666,1807.97305547292,117.997454450299,3.6562173778393,49.8,36.0320656003149,-0.4754711,
HN,Honduras,2003,67174.3,5.2241,1842.29750018813,122.248277175534,4.74055553954205,47.9,37.1910463818441,-0.393301099999999,
HN,Honduras,2004,66971.5,6.3122,1908.90950050464,135.461758741854,6.67606399673031,46.7,37.8143681852083,-0.3302091,
HN,Honduras,2005,66768.7,5.4596,1975.85647913236,136.489768018486,6.16028277171203,51.4,38.8417580655353,-0.2859005,
HN,Honduras,2006,66565.9,6.5668,2056.53491469231,133.13183510432,6.57287305327357,52.2,44.7293531580234,-0.179669,
HN,Honduras,2007,66363.1,10.502,2134.19540639485,135.070634917917,7.82223281251053,50.6,52.270420067944,-0.2510481,
HN,Honduras,2008,66160.3,10.6589,2175.14709403064,135.748955193053,8.65020371949481,50.0,51.291832674053,-0.3633673,
HN,Honduras,2009,65957.5,10.5328,2076.30859895638,96.9050060188904,3.38987200238321,50.5,50.3382201748979,-0.5572387,
HN,Honduras,2010,65754.7,10.5772,2108.47314459603,109.441838241682,3.83460574737835,53.6,47.4622470777193,-0.5697808,
HN,Honduras,2011,65531.42,11.9222,2144.56265540491,122.216902597337,5.88681418228473,50.9,47.3092310306697,-0.520129899999999,
HN,Honduras,2012,65308.14,12.6002,2188.39378817891,121.188215808285,5.83610988955542,49.3,51.2756482307446,-0.5092177,
HN,Honduras,2013,65084.86,12.6088,2205.40126728067,116.306049247436,5.77862113948416,51.1,54.7226868179144,-0.5024379,
HN,Honduras,2014,64861.58,12.6458,2229.24772232218,112.97509728471,8.62899693066618,52.2,55.0869372049161,-0.5608808,
HN,Honduras,2015,64638.3,13.7614,2271.20265980349,107.26440535424,6.27594328427599,50.8,54.5936002238152,-0.603179399999999,
HN,Honduras,2016,64430.5,12.8246,2315.72983058198,99.8157169505924,5.28156973350556,52.7,57.8354023642267,-0.6577893,
HN,Honduras,2017,64221.1,12.3276,2383.37398439714,101.813111079622,4.10592046689605,45.6,57.7901974979755,-0.710326399999999,
HN,Honduras,2018,64011.6,12.1969,2430.13503657762,103.551162215452,5.99386120691106,48.9,62.8149597149301,-0.768458299999999,
HN,Honduras,2019,63802.1,13.6225,2447.61649282181,99.4599779937589,3.83846408231678,46.2,64.4630328325205,-0.8093716,
HN,Honduras,2020,63592.6,12.9698,2189.43168668222,88.0008563836292,1.0106822391556,50.2,71.2304636812084,-0.7831642,
HN,Honduras,2021,63383.1,14.303,2423.76634916911,103.372643459918,2.84361329738544,45.9,67.7270471861986,-0.745449199999999,
HN,Honduras,2022,63173.6,14.7678,2482.22384904714,112.698524913966,2.41292398026651,,70.0841626239484,-0.6394536,
HN,Honduras,2023,62964.1,16.3462,2527.27366333188,98.7919798336365,3.16136364280263,,75.6308247756834,-0.6088292,
MX,México,2000,683813.5,348.3618,9581.96970210753,49.9104091872497,2.47719212470142,12.2,14.3477809518427,0.1643505,
MX,México,2001,682375.46,347.8376,9398.35074355724,44.7401090123173,3.77607805696573,11.3,12.240977233378,,
MX,México,2002,680937.42,357.1173,9242.27886130016,45.209829259652,2.48685750053046,10.7,14.1782625366026,0.2942606,
MX,México,2003,679499.38,384.4265,9221.99666693097,48.700416880838,2.37188032095091,10.2,14.6412754628782,0.3394357,
MX,México,2004,678061.34,397.1031,9421.28975988024,52.0406200335632,3.06821035154364,10.2,14.1054932641584,0.4314853,
MX,México,2005,676623.3,422.2111,9491.51730225718,52.5626446517886,2.74220134218643,10.3,15.3135908131833,0.4327973,
MX,México,2006,675185.26,446.8924,9813.8280424425,54.4821160886169,2.16893035275929,9.8,18.3518916727969,0.3267985,
MX,México,2007,673747.22,460.6827,9877.69532644737,55.2585243944498,2.81398718018792,9.5,20.4394698049344,0.2914444,
MX,México,2008,672309.18,470.3228,9826.3421836048,56.3652818862573,2.56307995916969,9.8,19.7553753221619,0.2666715,
MX,México,2009,670871.14,459.8447,9074.1188145564,54.5917421313503,2.08311648626813,9.2,21.6119225648182,0.3465963,
MX,México,2010,669433.1,478.5258,9389.06722084275,59.2733845293851,2.76223720216686,9.4,22.3237750257634,0.302969,
MX,México,2011,668208.3,488.7907,9575.93437788582,62.1623872764498,1.9442261568419,9.1,23.5848328387345,0.1509914,
MX,México,2012,666983.5,503.298,9782.51776305354,64.2579318900113,1.45258915052409,9.0,24.9270563810171,0.1613289,
MX,México,2013,665758.7,493.7174,9738.71059803658,62.6916747735807,3.83670268161454,9.2,27.859059328804,0.140441,
MX,México,2014,664533.9,480.9395,9862.48125444199,64.0984090351215,2.08415748550878,9.8,28.1836821076474,0.0591695,
MX,México,2015,663309.1,488.7748,10021.2386118827,70.412974676264,2.98783786595647,9.2,30.8304978674097,-0.0649057,
MX,México,2016,662031.5,506.3519,10100.5021214015,75.6903034088551,3.49768027047347,9.2,32.9508423866166,-0.09985,
MX,México,2017,660753.8,491.025,10193.7727193457,76.9521260407254,2.78307493352174,10.1,34.3431256723362,-0.1417561,
MX,México,2018,659480.0,479.3244,10296.8690928534,80.2126616568975,3.01417850463095,10.3,33.6152178137641,-0.0473499999999999,
MX,México,2019,658200.0,490.1924,10159.4448364319,77.4619722571128,2.29651449578107,10.3,35.5851864870933,-0.0639434,
MX,México,2020,656920.0,438.1862,9234.64362317923,76.8545557056016,2.81400875194225,12.3,36.9325897608776,-0.0915771,
MX,México,2021,655640.0,454.348,9728.05680032556,83.0692976357895,2.70530313509815,13.0,35.0570605505008,-0.17373,
MX,México,2022,654370.0,458.3446,10013.2479236143,88.7984855867186,2.67267286258385,,34.2487696110669,-0.240528499999999,
MX,México,2023,653087.841,483.7102,10259.1766616403,73.5788616365245,1.70618868173612,,33.1534200996481,-0.2517507,
NI,Nicaragua,2000,53993.2,22.2841,1458.37490084556,61.2984974600022,5.21568567857809,58.4,,-0.2666318,
NI,Nicaragua,2001,52782.03,22.8006,1482.31517247279,57.9801315472268,2.80655753554232,56.7,13.7178365947142,,
NI,Nicaragua,2002,51570.86,23.3438,1475.48635411179,58.0912844080785,3.90334311480045,54.7,15.1303966197719,-0.222983,
NI,Nicaragua,2003,50359.69,24.3476,1494.95618752566,62.1750658877514,3.78225034215297,51.5,17.6800014490544,0.0140913,
NI,Nicaragua,2004,49148.52,24.5603,1555.87425694816,67.195316780004,4.31560328721207,51.2,19.6395041737258,0.0503285,
NI,Nicaragua,2005,47937.35,24.8554,1601.48770707458,71.6457237072991,3.81407422484717,52.8,22.6195637092088,-0.0772921999999999,
NI,Nicaragua,2006,46726.18,25.5232,1644.37193565251,87.309670832079,4.24030000066427,53.3,26.4617300643449,-0.1445283,
NI,Nicaragua,2007,45515.01,25.8533,1703.20780299405,93.025730229333,5.14186605474194,52.6,32.9626730870453,-0.1607003,
NI,Nicaragua,2008,44303.84,25.7711,1736.65740610408,96.7939847302055,7.38263377911966,53.8,31.3902939082916,-0.3531428,
NI,Nicaragua,2009,43092.67,25.8982,1655.72028962416,86.9936104453444,5.22852820149836,54.6,28.4639816565811,-0.386519399999999,
NI,Nicaragua,2010,41881.5,26.3417,1704.37875049059,100.364058423919,5.59335824334059,54.4,26.7902771944027,-0.3933659,
NI,Nicaragua,2011,41320.26,27.3928,1786.62863418308,111.827453935999,9.5791738556055,53.3,26.2021452617968,-0.5054961,
NI,Nicaragua,2012,40759.02,27.935,1876.1759720149,115.177288474198,7.36516075625111,53.3,28.7256849089243,-0.634507399999999,
NI,Nicaragua,2013,40197.78,28.1359,1941.45628552626,110.984207880382,8.78722600899979,54.3,31.8719462281179,-0.5906235,
NI,Nicaragua,2014,39636.54,28.9434,2006.64869646533,106.698200190796,9.06363827053251,53.0,33.8611044766836,-0.620472599999999,
NI,Nicaragua,2015,39075.3,30.2442,2074.45620634731,98.194164594236,7.58033255797744,50.0,36.851216246511,-0.7262708,
NI,Nicaragua,2016,38075.3,30.527,2140.14405941606,93.8137278130087,7.44462628012218,49.5,38.5800324214676,-0.865717499999999,
NI,Nicaragua,2017,37075.3,30.6057,2209.63273423213,96.3805864351182,7.51057620596971,48.9,42.7141595154233,-0.8526969,
NI,Nicaragua,2018,36075.3,30.122,2107.3396261623,93.9847404925404,6.43060058137235,51.3,39.8570584770867,-1.165448,
NI,Nicaragua,2019,35075.3,30.628,2019.91518620044,94.0422159246213,3.96093444094211,50.5,32.2173134465347,-1.189809,
NI,Nicaragua,2020,34075.3,30.5435,1950.19181218473,88.6381231228968,5.86574902695673,52.2,29.7928204469316,-1.1904584,
NI,Nicaragua,2021,33075.3,31.1618,2128.30881395452,106.20739081994,7.36996621393819,50.4,28.0130754323242,-1.3557067,
NI,Nicaragua,2022,32075.3,31.4272,2175.73899144405,115.454678712865,8.23239650343154,,29.6997624213014,-1.4677015,
NI,Nicaragua,2023,31075.3,31.6818,2241.12235476653,105.003097611103,6.25581189724963,,30.0090035145774,-1.53540609999999,
PA,Panamá,2000,44421.4,-11.8432,6856.1491877083,139.197934301758,6.91764679868008,27.7,,0.4698515,
PA,Panamá,2001,44307.25,-8.1388,6787.86265820271,135.584350668206,4.95229444450419,24.0,,,
PA,Panamá,2002,44193.1,-7.3526,6825.1774775292,126.024482739773,1.93034037172558,28.7,,0.5018898,
PA,Panamá,2003,44078.95,-8.8238,7037.08164896629,117.267478912327,7.72303743803259,27.4,,0.4900857,
PA,Panamá,2004,43964.8,-13.5138,7468.76593461799,124.761756836196,8.46279993310649,28.2,,0.576883,
PA,Panamá,2005,43850.65,-4.0781,7935.87134515908,139.211164757519,6.6434443919751,22.8,,0.6092662,
PA,Panamá,2006,43736.5,-10.2841,8557.98017379308,141.472571182754,15.7789064426648,22.1,,0.6910502,
PA,Panamá,2007,43622.35,-8.638,9507.64640169959,148.665601032972,10.2406205983382,22.8,,0.6696611,
PA,Panamá,2008,43508.2,-6.5709,10288.1549774225,164.586286421944,9.29189971900206,23.4,,0.6686945,
PA,Panamá,2009,43394.05,-10.4411,10267.0633132424,137.046021377188,3.9059104779012,20.4,,0.7159231,
PA,Panamá,2010,43279.9,-8.947,10698.0717490512,145.448718647896,8.43207037866722,20.6,82.0699638007039,0.6350225,
PA,Panamá,2011,43165.74,-7.6215,11761.4988389067,158.20839556043,12.3168354603605,19.7,80.3174015316408,0.5966723,
PA,Panamá,2012,43051.58,-8.6908,12668.2945402358,153.208620289839,8.13045858557062,21.2,79.5923009409903,0.4231413,
PA,Panamá,2013,42937.42,-10.2037,13236.8306490828,133.071568994167,8.09167357453305,20.7,65.4374136067457,0.3682821,
PA,Panamá,2014,42823.26,-7.7528,13611.5490656071,114.970604967371,9.6921652724572,19.8,80.8728229418666,0.4491062,
PA,Panamá,2015,42709.1,-6.6318,14082.6548434996,96.5791573893461,9.17966898909828,22.0,82.932427774497,0.5022803,
PA,Panamá,2016,42595.0,-6.6812,14474.124340577,84.3959718486228,8.78226076869208,22.1,84.1908718346007,0.4886932,
PA,Panamá,2017,42480.8,-10.5874,15045.545619615,84.0475372059131,6.34573158684694,23.6,84.4380104002795,0.4645761,
PA,Panamá,2018,42366.7,-10.7455,15375.6434854475,86.1309615270001,6.3940456399755,24.5,83.9514799603357,0.4994086,
PA,Panamá,2019,42252.5,-7.9548,15602.5420714581,80.4286505707227,6.7135041995988,19.0,83.3265567540137,0.5255263,
PA,Panamá,2020,42138.4,-10.2644,12647.0826553801,68.7004234799646,-2.85980025111741,28.5,100.153891512579,0.5176533,
PA,Panamá,2021,42024.233,-10.7391,14552.9401400295,80.1334636057057,2.71982266254139,28.0,,0.4667899,
PA,Panamá,2022,41910.111,-9.8578,15956.0653932059,93.4752688168442,3.2250848191713,,,0.4471573,
PA,Panamá,2023,41795.959,-8.4283,16877.1508423953,88.3489105288611,2.84826789984183,,,0.4467096,
PY,Paraguay,2000,229916.5,44.3602,4074.48953320457,78.6447297611485,1.21729436901028,70.4,23.7603984264133,-0.6314658,
PY,Paraguay,2001,226495.06,45.7153,3972.88427866739,72.6056990118238,1.16763488895181,69.8,24.1686675413357,,
PY,Paraguay,2002,223073.62,44.3658,3916.44022308731,79.4415656482927,1.25620797120523,67.7,20.8556279671977,-0.5925036,
PY,Paraguay,2003,219652.18,47.2056,4035.71833919936,81.1273637701163,-0.750191694990596,67.0,12.6861707511378,-0.5002468,
PY,Paraguay,2004,216230.74,47.323,4151.34584799423,80.1044466155542,0.976461922292792,66.8,12.2968111859529,-0.3426763,
PY,Paraguay,2005,212809.3,49.0745,4193.28086525675,85.0219636540457,0.067986029076693,68.8,12.2808884618236,-0.243754399999999,
PY,Paraguay,2006,209387.86,73.075,4349.31197066239,84.7335313048126,1.39842122336644,66.5,11.6682860592129,-0.228459599999999,
PY,Paraguay,2007,205966.42,76.9534,4540.38235899258,79.0011374202968,0.588024684579866,68.4,13.7176649664943,-0.1722539,
PY,Paraguay,2008,202544.98,76.359,4788.66318778074,80.7775746572591,1.83503669212255,65.8,18.7596980138574,-0.0915827999999999,
PY,Paraguay,2009,199123.54,79.5383,4727.59685811389,70.8419818624334,0.860674450934396,65.4,21.5814306496786,-0.0886642,
PY,Paraguay,2010,195702.1,83.8656,5191.05014254362,81.2575233746789,2.76173378510708,63.6,25.4241390581651,-0.0814527999999999,
PY,Paraguay,2011,191559.56,83.7317,5342.19015717538,78.4921238489902,1.95875255092925,62.5,28.9522503182021,-0.0790865999999999,
PY,Paraguay,2012,187417.02,73.5051,5230.26244858989,74.7649574561086,2.61172771954696,63.4,31.5463020861612,-0.195720099999999,
PY,Paraguay,2013,183274.48,73.936,5583.12274473566,73.369871384133,1.13236628162524,62.5,34.3778942788017,-0.211326699999999,
PY,Paraguay,2014,179131.94,81.9481,5794.47644689985,69.0837249630891,2.5135375460501,62.5,38.1381490369587,-0.189373699999999,
PY,Paraguay,2015,174989.4,82.2327,5879.33792308762,66.9150655259457,2.22350808882639,60.5,43.3496464702931,-0.145595399999999,
PY,Paraguay,2016,173331.3,64.4397,6041.95879367349,67.7593152322119,2.27032682691763,62.5,41.3557191307979,-0.163387099999999,
PY,Paraguay,2017,169402.7,64.343,6243.1336313903,71.0801344038459,1.9468132140751,60.1,41.0753441198312,-0.131242,
PY,Paraguay,2018,166609.3,63.8811,6354.2392005316,72.0692236259495,0.787454987833137,59.2,44.5121924181158,-0.1065124,
PY,Paraguay,2019,163816.0,64.9643,6243.53620897823,71.2221617342433,1.28022785728015,60.1,47.6522798387756,-0.107033999999999,
PY,Paraguay,2020,161022.6,53.8089,6109.19608100826,62.7602174748575,0.816723740272366,61.5,50.6445339195476,-0.121548999999999,
PY,Paraguay,2021,158229.267,47.1032,6278.11006663809,69.74227302112,1.46195175389463,58.8,49.4128286155417,-0.1702578,
PY,Paraguay,2022,155435.889,45.897,6218.19790694162,73.7379050218566,2.03844719825164,,50.958351378503,-0.190507999999999,
PY,Paraguay,2023,152642.541,45.654,6449.23028812969,82.4052107741573,2.57834141880415,,52.2331541884677,-0.1564693,
PE,Perú,2000,752978.3,160.7093,3286.27308475523,35.5380321623178,1.56479019339424,38.6,26.3416775572587,-0.6604451,
PE,Perú,2001,751730.27,157.9128,3261.6642505136,35.0644014310212,2.19922450158059,41.2,23.4478078840921,,
PE,Perú,2002,750482.24,159.536,3398.74991419297,35.2491813317695,3.93562084538866,40.2,22.2020482940237,0.2489563,
PE,Perú,2003,749234.21,159.5706,3502.79165687646,37.6246103251002,2.27308642513175,40.9,19.9857411626907,0.2092852,
PE,Perú,2004,747986.18,163.5293,3640.60299869744,41.9360782679273,2.39489207548148,37.8,17.9102399219746,0.0810565999999999,
PE,Perú,2005,746738.15,164.3748,3835.13219279722,47.3573174768394,3.39034816926813,38.4,19.066421608863,0.1622346,
PE,Perú,2006,745490.12,163.9471,4091.36268615581,51.7850560338442,3.91065680458787,38.7,20.8131640208248,0.2212619,
PE,Perú,2007,744242.09,167.0942,4407.79121686416,55.6881132836815,5.37428655925625,36.0,24.6070736917389,0.2290932,
PE,Perú,2008,742994.06,172.2189,4778.52642172313,58.4337673899053,5.74335697642786,33.7,29.7639607500021,0.293699,
PE,Perú,2009,741746.03,169.9346,4801.17153740507,48.1119296153519,5.32237544034606,32.9,30.0145290325562,0.2285462,
PE,Perú,2010,740498.0,168.2501,5167.39259325937,51.6728089370033,5.73087732837535,32.2,30.261687153432,0.2650259,
PE,Perú,2011,738787.46,173.5844,5453.45718713631,55.9882802838607,4.47262658184166,30.6,32.3092275000503,0.3102027,
PE,Perú,2012,737076.92,175.0322,5740.04346272472,52.6198952632294,7.36173683394684,30.8,34.0437468209084,0.3059787,
PE,Perú,2013,735366.38,193.939,6021.46142765232,49.7871424471444,4.75734900182415,28.4,37.7199291764532,0.204162,
PE,Perú,2014,733655.84,173.5736,6103.91864749969,46.8531210912899,2.12302965027806,28.6,40.8996268175973,0.2195209,
PE,Perú,2015,731945.3,167.4755,6231.71150338894,45.1627686891148,3.86551316954964,27.4,43.8679314540478,0.2727774,
PE,Perú,2016,730102.8,189.504,6392.25474941014,45.3888411964154,3.54628188735842,27.2,42.8090253456419,0.2653854,
PE,Perú,2017,728347.8,163.4021,6457.41940254721,47.5135503619971,3.5133314939664,27.6,42.4146143080756,0.313525,
PE,Perú,2018,726760.4,162.5741,6593.14437459526,48.631470171736,2.63824619479376,27.9,43.9039424432995,0.3589581,
PE,Perú,2019,725032.0,192.0574,6626.26083494969,46.9435053754409,2.09128983397663,27.1,44.7242368945336,0.3431757,
PE,Perú,2020,723303.7,180.9358,5831.83024758521,44.245967197744,0.329387076302566,31.6,55.3124099083207,0.364213,
PE,Perú,2021,721575.333,194.3025,6547.84718181776,55.427249365522,3.15570902335973,30.6,47.1314277768001,0.2154894,
PE,Perú,2022,719847.011,198.4241,6667.51695632036,57.2969759649721,4.55221582089149,,45.6681929864133,0.1421732,
PE,Perú,2023,718118.659,200.0514,6568.0002779793,50.7851842068664,1.62534746680837,,43.1206589109506,0.1478334,
DO,República Dominicana,2000,19724.7,29.8165,4123.10573163115,79.3003930961432,4.0689908919589,19.1,,-0.1448147,
DO,República Dominicana,2001,19825.35,30.4319,4158.98430282429,70.5105678080061,4.24930666375932,18.9,,,
DO,República Dominicana,2002,19926.0,32.8244,4280.80182397408,68.7232829028777,3.41225986375611,17.9,,-0.0160976,
DO,República Dominicana,2003,20026.65,30.5254,4162.66686117661,84.4495031861592,2.88055489904245,18.9,,-0.1083343,
DO,República Dominicana,2004,20127.3,29.9755,4212.01044121773,81.3514229381911,4.18629057899448,20.7,23.6407582982231,-0.0170919,
DO,República Dominicana,2005,20227.95,31.1685,4549.24957008857,61.6535587358027,3.12598170087694,19.4,19.6494366342449,-0.0183932999999999,
DO,República Dominicana,2006,20328.6,33.3969,4904.71715839398,63.7664826351505,4.0356569620282,18.0,18.6926214053015,0.0893593,
DO,República Dominicana,2007,20429.25,34.5029,5204.78500652254,61.229259153164,5.12424998266344,17.9,20.7082666024064,0.0577381,
DO,República Dominicana,2008,20529.9,34.7618,5308.92664966814,61.4285058325394,5.67335967834237,17.7,20.7401125439887,0.0414292,
DO,República Dominicana,2009,20630.55,34.3299,5294.64953374426,50.6509376792025,3.51548540591409,17.3,21.5664624818529,0.0383822,
DO,República Dominicana,2010,20731.2,35.7346,5666.45633430206,56.0573964175321,3.38320513554667,16.9,22.7350961859087,0.0337112,
DO,República Dominicana,2011,20792.26,36.1011,5773.57403459156,59.0692578401698,3.79217588020774,16.8,22.9374372388722,-0.0206158,
DO,República Dominicana,2012,20853.32,36.9887,5860.29893321013,58.5062536731089,5.64036946601582,16.5,22.5374088267045,0.0500891,
DO,República Dominicana,2013,20914.38,36.6874,6075.03399972737,56.8137658014945,2.55757225532805,16.6,23.4371404845689,-0.0140626,
DO,República Dominicana,2014,20975.44,37.2004,6430.27811051339,55.6601041506633,3.55938801753347,17.3,25.2661648516991,0.0457756,
DO,República Dominicana,2015,21036.5,39.6119,6800.95309395474,52.3471238667007,3.13851060913817,14.9,26.0392720542651,-0.0123257,
DO,República Dominicana,2016,21117.4,40.9956,7177.75376475488,51.7306571245477,3.33024928523507,15.3,26.9063969746819,-0.0169925,
DO,República Dominicana,2017,21198.3,40.2386,7379.39978067137,50.7595355508472,4.55025610026855,16.9,27.5827678514226,-0.0263768,
DO,República Dominicana,2018,21279.2,42.5852,7818.70593240469,52.3351709577013,3.22902365102652,15.9,27.3911536580126,-0.0353179,
DO,República Dominicana,2019,21360.1,45.7956,8117.04639185786,50.912982200697,3.17366550445317,14.4,28.0978072005075,0.00338979999999999,
DO,República Dominicana,2020,21441.0,44.7134,7395.8734262396,44.7331613466756,3.13265976088131,16.0,30.6276284346111,0.0633816,
DO,República Dominicana,2021,21521.9,48.0208,8344.90510312395,51.9500227303115,3.53154938314388,14.8,27.7700298032382,0.0897951999999999,
DO,República Dominicana,2022,21602.8,51.0473,8698.13592094395,54.3781976712844,3.56897098132173,,27.9657954725609,0.1170494,
DO,República Dominicana,2023,21683.7,52.0023,8809.96335385949,49.8436131764417,3.94375586800192,,30.842195690075,0.1485631,
UY,Uruguay,2000,13690.0,25.3099,11096.3309569487,36.7137381507902,1.15156587871402,38.7,45.0942269291081,0.9213237,
UY,Uruguay,2001,14052.3,24.961,10643.5574019273,36.3095126435057,1.48526947201505,41.6,53.8538856752747,,
UY,Uruguay,2002,14414.6,25.6607,9806.7713064359,40.02906730756,1.32180928215272,43.2,70.5117382668268,1.0075658,
UY,Uruguay,2003,14776.9,26.6139,9878.75684344081,51.7591995826472,3.34326299269857,43.8,43.186543114802,0.9820943,
UY,Uruguay,2004,15139.2,28.6298,10366.9067382871,61.4766880860242,2.57711736584849,39.3,24.1933895956931,0.9177831,
UY,Uruguay,2005,15501.5,28.784,11131.3984890038,58.8776963255774,4.76089085880271,41.3,22.4749430738691,0.9946959,
UY,Uruguay,2006,15863.8,30.8151,11574.470540231,61.9715745165876,7.64053554410063,37.6,23.7519352815852,1.1101743,
UY,Uruguay,2007,16226.1,29.983,12310.482735502,59.2104478374095,5.70951115694377,43.2,23.0299725881958,1.1244649,
UY,Uruguay,2008,16588.4,33.5911,13165.83628166,65.2080950071821,6.88302281006264,44.1,27.1685339479512,1.1383059,
UY,Uruguay,2009,16950.7,32.9745,13691.71420689,53.3944192683736,4.89964589428753,44.6,19.8647260994371,1.1880175,
UY,Uruguay,2010,17313.0,29.9447,14722.3780081191,51.6990372012256,5.22300143125049,53.3,21.4040361151246,1.2316568,
UY,Uruguay,2011,17690.4,31.1591,15443.9961926395,53.2470340109018,5.34359480768242,49.7,21.9739905078767,1.2041703,
UY,Uruguay,2012,18067.8,31.748,15949.3176985435,55.0611541633768,11.7901578728278,47.9,22.1705291861539,1.1088877,
UY,Uruguay,2013,18445.2,30.5541,16639.4054750651,49.7178464746233,1.60901257578737,51.9,24.3768815230441,1.1539198,
UY,Uruguay,2014,18822.6,30.7101,17122.0364563225,49.0876240632174,6.6430584199945,56.7,25.1667931664776,1.150545,
UY,Uruguay,2015,19200.0,31.154,17125.9016800298,45.3282408087534,4.6342339444993,59.4,27.8140085275854,1.2096941,
UY,Uruguay,2016,19470.0,31.361,17357.2349992841,48.4705583785623,-0.897082488190792,60.3,25.6815822953668,1.2405464,
UY,Uruguay,2017,19680.0,30.4953,17611.6036701032,46.3780042035515,4.13270996152796,60.8,23.9263156750777,1.2330619,
UY,Uruguay,2018,19890.0,30.1424,17608.9441195037,47.7913104806475,2.64222389301977,60.8,24.944851219691,1.2339937,
UY,Uruguay,2019,20100.0,30.7191,17758.4384372986,49.7448341159636,2.35703341175475,59.3,25.3082543138449,1.2429696,
UY,Uruguay,2020,20310.0,30.0859,16443.3635000843,47.7318733182088,1.81750744846519,61.2,27.8846373005871,1.2549779,
UY,Uruguay,2021,20520.0,32.4751,17416.0052208869,58.3150410230338,8.50404179273101,57.8,26.7129770999909,1.2359324,
UY,Uruguay,2022,20730.0,32.0448,18228.3558443761,61.0307951043821,12.4804063396028,,26.6238341080853,1.201455,
UY,Uruguay,2023,20940.0,33.8616,18378.9833563662,52.910987066463,-6.72904061401343,,28.577104248513,1.2182526,
VE,Venezuela,2000,491510.0,-84.4314,3740.0195496928,47.8572215529808,4.01463241741596,15.3,10.4838423233885,-0.3009656,
VE,Venezuela,2001,489864.0,-59.1631,3796.80579715312,42.141268017362,3.01356175819466,14.0,12.3700667445056,,
VE,Venezuela,2002,488218.0,-66.1927,3398.56849937324,48.5757106494068,0.819216932585212,12.8,10.1271663738157,-0.6723018,
VE,Venezuela,2003,486572.0,-48.6828,3079.6634541359,50.577007378194,1.88111477594963,13.4,8.90612621463873,-0.5955782,
VE,Venezuela,2004,484926.0,-55.0162,3580.85417271298,55.3674556023219,1.32412757366554,14.6,11.081772129298,-0.681280999999999,
VE,Venezuela,2005,483280.0,-40.9619,3884.70081071301,60.1273297561422,1.68369269808689,14.2,13.214871769626,-0.6518202,
VE,Venezuela,2006,481634.0,-40.9093,4199.39766916963,58.6655915584603,0.107915126446007,15.6,17.0371328682102,-0.718353199999999,
VE,Venezuela,2007,479988.0,-37.9026,4496.84905010777,56.1990954818909,1.89178854425804,16.6,23.4811724669825,-0.796257999999999,
VE,Venezuela,2008,478342.0,-30.8104,4665.9531880382,51.8290123789932,0.659274461280102,16.4,21.4696738075916,-0.86136,
VE,Venezuela,2009,476696.0,-32.031,4455.4532320933,38.5209296583297,-0.344767329112459,16.2,23.6136286787977,-0.895429199999999,
VE,Venezuela,2010,475050.0,-26.7515,4332.02681796507,46.1368935240203,0.402601927997842,13.8,18.8543354200342,-0.8893276,
VE,Venezuela,2011,473406.0,-40.7014,4455.41063337951,49.6381215967995,1.85002511047875,14.8,20.4742256485102,-0.996347299999999,
VE,Venezuela,2012,471762.0,-12.4014,4647.37303726595,50.6485838828706,1.33819275777321,13.8,23.8729758931757,-1.02674699999999,
VE,Venezuela,2013,470118.0,-6.16019999999997,4653.3645655649,62.4795214214587,0.828407125440933,15.4,27.472799415793,-1.2049828,
VE,Venezuela,2014,468474.0,-4.85509999999999,4421.60786723331,64.2074401112959,0.528670192739894,12.1,,-1.251376,
VE,Venezuela,2015,466830.0,-29.9662,4103.1384987005,60.288846101805,2.35633150346133,15.4,,-1.3294104,
VE,Venezuela,2016,465432.6,-43.712,3382.73477932247,41.307217198655,1.40548157326263,14.6,,-1.3494951,
VE,Venezuela,2017,464281.8,-65.3403,2871.31531165261,42.5829358408751,-0.25801825119328,14.3,,-1.47669759999999,
VE,Venezuela,2018,463377.6,-74.888,2365.59281270712,54.6450667905599,0.609677838011936,14.6,,-1.6549242,
VE,Venezuela,2019,462720.0,-89.19,1762.73734800083,58.1292903256504,0.772453708102055,15.8,,-1.6869045,
VE,Venezuela,2020,462309.0,-128.3331,1255.37263090506,26.0912344958707,3.51089983775956,31.2,,-1.6883576,
VE,Venezuela,2021,461733.6,-159.8333,1276.62381449407,29.2263400311727,2.14254260514198,33.7,,-1.79431149999999,
VE,Venezuela,2022,461267.8,-124.659,1379.97778822986,27.8982770650022,2.63893280227629,,,-1.7782262,
VE,Venezuela,2023,460728.933,-119.6082,1430.74575249312,28.0946077372131,0.0126982233499548,,,-1.7578417,
