iso2,year,indice_riesgo_climatico,PIBpc,renta_rec_nat,impuestos_ambientales,protec_der_lab,climate_altering_land_index,pais,gei_total_exclulucf_MtCO2e,renew_cons_pct_tfec,wgi_va_est,superficie_forestal,calidad_institucional,gobernanza,informalidad,tecnologia
AR,1990.0,,4315.334031115882,2.54133379153863,35.25110753910691,,,,,,,12890342.0,3.04,,29.94921,9.24
AR,1991.0,,5709.247840795045,1.11216953670952,30.30038615773058,,,,,,,12863367.0,3.04,,32.454959,9.42
AR,1992.0,,6789.996111364947,1.09688763068098,34.72388046403051,,92.18255905,,,,,12836257.0,3.04,,31.297945,10.7
AR,1993.0,,6931.855963758755,1.09534038350252,38.74272786037492,,92.20053846,,,,,12809014.0,3.04,,31.850106,11.7
AR,1994.0,,7437.562423275942,1.03761625538356,41.87006734314532,,92.21843044,,,,,12781634.0,3.04,,29.058573,14.4
AR,1995.0,,7357.616277378798,1.29807343639538,40.1140203331299,,92.64251004,,,,,12754118.0,3.04,,33.065403,16.3
AR,1996.0,,7663.212712874685,1.59598410207505,33.35865390127845,,92.94534287,,,,,12726465.0,3.04,0.199,35.127445,17.6
AR,1997.0,,8146.787100214308,1.42473252510187,39.29078992756123,,93.40987186,,,,,12698674.0,3301.0,,36.241772,19.0
AR,1998.0,,8218.992127646823,0.821860211536179,36.306161789089145,,94.12702153,,,,,12670742.0,3301.0,0.066,37.148152,19.5
AR,1999.0,,7705.5428825285135,1.4005641030747,27.195730506816577,,95.25761964,,,,,12642671.0,3301.0,,38.269636,19.6
AR,2000.0,,7637.014892036284,2.36414526373118,33.03178865990966,,95.68523856,Argentina,288.4453,9.8,0.4423,12614456.0,3301.0,0.011,38.465662,21.2130069169697
AR,2001.0,,7141.475076628263,1.91854085449722,41.61724382722896,,96.47757745,Argentina,285.5007,11.5,,12537304.0,3301.0,,38.707752,21.6118878958241
AR,2002.0,,2569.699635191236,5.63090239331634,43.240245848354114,,96.86257009,Argentina,284.5413,11.6,0.333,12460022.0,3622.0,-0.225,44.1111,20.2700498501828
AR,2003.0,,3320.477751339027,4.54405237920157,37.88123941092142,,97.6023921,Argentina,305.8995,10.8,0.4198,1238261.0,3622.0,-0.136,44.866014,22.3917495712737
AR,2004.0,,4242.020990894215,4.29522015828479,31.518902262687103,,98.33346763,Argentina,324.6533,9.3,0.4802,12305068.0,3622.0,-0.024,47.981229,22.5695201937267
AR,2005.0,,5067.653422932756,5.18727382834912,33.72057029942611,,98.82397849,Argentina,329.3846,9.6,0.5109,12227395.0,3622.0,0.013,46.964913,24.0755891564707
AR,2006.0,,5869.380289702044,5.77560944191323,34.739686541377246,,99.13926851,Argentina,342.6815,9.2,0.5096,12149589.0,3622.0,0.052,43.741986,23.875035444221
AR,2007.0,,7185.251551470267,4.83861569507875,29.226791140076617,,99.38271515,Argentina,354.3631,7.7,0.5041,12071654.0,3622.0,0.001,40.967361,23.7400511380693
AR,2008.0,,8944.1102657357,4.94937994883837,27.450146399074853,,99.45551873,Argentina,357.0159,7.7,0.4084,11993586.0,3622.0,-0.071,37.066093,24.101517241625
AR,2009.0,,8150.235270282207,3.09834695426024,30.495398371857323,,99.45347491,Argentina,333.4521,8.6,0.3882,11915386.0,3622.0,-0.058,35.899,23.9093756133761
AR,2010.0,,10260.13131082542,3.25709519384359,28.633480141253028,,99.79067701,Argentina,337.3105,8.8,0.444,11837053.0,3622.0,0.007,35.239084,24.0119195826344
AR,2011.0,,12704.283181968423,3.88650404225898,26.389827498339848,,99.89767194,Argentina,343.8255,8.8,0.3422,11786932.0,3622.0,0.072,34.021874,23.2982775733717
AR,2012.0,,12949.71748665402,3.62564790864033,24.28399653089124,,100.0002669,Argentina,351.3252,8.6,0.3112,11736716.0,3622.0,0.001,33.60766,22.4270707545358
AR,2013.0,,12963.67577332604,3.15558730477948,26.367384399176867,,99.98932366,Argentina,360.0237,8.9,0.248,11686407.0,3622.0,-0.016,33.016681,22.6902934553679
AR,2014.0,,12233.144411918582,2.96561619466374,25.67168918138783,,99.91301453,Argentina,359.8127,9.8,0.3053,11636004.0,3622.0,0.178,32.578289,22.830161748292
AR,2015.0,,13679.626498095417,1.11677493458146,24.420524314698824,,100.0,Argentina,366.0408,9.4,0.3678,11585506.0,3622.0,0.119,32.617354,23.1688530021336
AR,2016.0,,12699.962313775635,0.929681521135013,22.73758320880315,,99.83919081,Argentina,369.1827,9.4,0.4496,11549088.0,3075.0,0.343,33.529979,23.1543884436541
AR,2017.0,,14532.500930851062,1.02056616793198,24.52249320260361,,99.85770866,Argentina,372.6964,10.4,0.582,11512613.0,3075.0,0.296,33.431618,22.0018318813741
AR,2018.0,,11752.799892297908,2.0371251352841,25.03788147138965,,99.73136123,Argentina,372.5105,10.5,0.6298,11476082.0,3075.0,0.258,34.158721,21.8655017384213
AR,2019.0,,9955.974786804276,2.16668838721926,26.509913654114865,,99.7979627,Argentina,369.602,10.7,0.598,11439494.0,3075.0,0.263,34.782779,17.2484886365771
AR,2020.0,,8535.59938004389,1.42962432529499,27.262449323032207,,99.83982861,Argentina,354.1583,9.8,0.5903,11402848.0,3634.0,0.149,30.851829,16.2775949220177
AR,2021.0,,10738.017922338438,2.65308888983975,25.53611134685564,,99.99033661,Argentina,371.3182,9.2,0.5235,11373415.0,3754.0,0.113,32.007977,16.8306711374782
AR,2022.0,,13962.18940872232,,,,100.0638079,Argentina,383.5354,,0.4969,11343912.0,3642.0,0.109,36.7,15.5058291173272
AR,2023.0,,14261.84656679479,,,,,Argentina,377.6745,,0.4962,11314337.0,3642.0,0.061,36.4,15.4467698591349
AR,2024.0,,13969.78366037374,,,,,,,,,1128469.0,2.57,0.184,35.94362,14.0529010326667
AR,2025.0,,,,,,,,,,,11254972.0,2603.0,,,
AR,,,,,,,,,,,,,,,,
BO,1990.0,,682.6768102953798,7.28776717511939,50.26959767731232,,,,,,,1422212.0,3079.0,,,2.56
BO,1991.0,,733.9354876025193,3.86536252330757,58.87521968365553,,,,,,,1419518.0,3079.0,,,2.8
BO,1992.0,,759.5711349636497,3.83579549195986,54.14593698175788,,58.08906818,,,,,14168108.0,3079.0,,,2.8
BO,1993.0,,756.6370160484508,3.64155613379886,58.27989437947944,,59.35043029,,,,,141409.0,3079.0,,,3.06
BO,1994.0,,774.0356696443179,4.41108909617144,48.1586402266289,,59.9231118,,,,,14113557.0,3079.0,,,3.14
BO,1995.0,,852.7540348614444,5.11080000814782,43.32560450480292,,71.60501643,,,,,14086078.0,3079.0,,,3.14
BO,1996.0,,922.113259069714,4.73280305606934,45.460160592958616,,73.92574663,,,,,14058462.0,3079.0,-0.296,,4.35
BO,1997.0,,970.3518433685936,4.01382529219893,46.4573732718894,,76.36754562,,,,,14030707.0,3079.0,,,4.71
BO,1998.0,,1022.1450651954492,2.23594806398861,43.28840970350405,,80.48202521,,,,,14002813.0,3079.0,-0.032,,5.44
BO,1999.0,,979.344494964572,2.77497627522259,47.35892811131151,,88.57426233,,,,,13974779.0,3079.0,,64.645058,5.94
BO,2000.0,,975.7770603587506,4.61282788346862,49.768814432989686,,90.27425745,Bolivia,29.9953,29.2,0.2098,13946602.0,3163.0,-0.488,66.25497,5.93464621256504
BO,2001.0,,930.1682272143124,4.33368686543391,54.26274805325295,,89.94183779,Bolivia,28.5882,29.0,,13920854.0,3163.0,,70.382784,5.99116664777734
BO,2002.0,,888.2213289743515,4.94485124710044,53.023894862604536,,90.5107309,Bolivia,29.7555,28.1,0.0252,13895063.0,3163.0,-0.49,74.408387,6.63611732341013
BO,2003.0,,893.0137602111491,5.31627802754268,46.05955392044148,,89.15670486,Bolivia,30.7821,27.0,-0.08,13869228.0,3163.0,-0.502,68.177535,6.74269393527572
BO,2004.0,,953.1918932462772,7.4299811875095,48.45947136563877,,97.72318076,Bolivia,32.1094,25.8,-0.0983,1384335.0,3163.0,-0.555,69.968926,6.79496412921501
BO,2005.0,,1020.1232620073686,11.5452208680479,41.02625686952982,,98.02504286,Bolivia,32.7047,24.6,0.091,13817428.0,3163.0,-0.465,67.897467,6.9042621993912
BO,2006.0,,1202.7115044632694,14.6334565247073,43.97728178557194,,97.74845492,Bolivia,33.8378,23.7,0.1494,13791463.0,3163.0,-0.484,60.981302,7.0003651663061
BO,2007.0,,1354.5490594992878,13.9849345825977,43.91159207630228,,97.23827572,Bolivia,35.8469,22.1,0.0758,13765453.0,3163.0,-0.45,60.412632,7.0018666193129
BO,2008.0,,1692.6724845587646,12.7766867611472,40.53818977119785,,97.67150346,Bolivia,37.0583,21.3,0.0221,137394.0,3163.0,-0.488,53.849285,8.00917036871306
BO,2009.0,,1731.181721122093,7.44851742232197,38.77977528089888,,98.25337692,Bolivia,38.4588,20.6,0.0739,13713303.0,3257.0,-0.362,61.391989,8.02910263546079
BO,2010.0,,1929.783730771584,9.16161212209317,34.369959526307895,,98.88099304,Bolivia,41.8206,19.9,0.0368,13687161.0,3172.0,-0.306,59.832514,8.35959692978386
BO,2011.0,,2315.5212193060715,14.001095606139,34.73415765069552,,99.49088642,Bolivia,42.6773,18.1,-0.0849,13661201.0,3172.0,-0.267,58.073303,8.488636843484
BO,2012.0,,2575.598570980836,12.3531411069095,33.321097216619606,,99.78953302,Bolivia,44.5068,17.4,-0.1628,13635194.0,3172.0,-0.248,57.314308,8.37188244325899
BO,2013.0,,2870.0237700075613,11.9598682861297,34.132176575657056,,100.0419127,Bolivia,46.3115,16.0,-0.1735,13609138.0,3172.0,-0.163,53.0487,8.18508925910227
BO,2014.0,,3041.435031624083,10.5328802221264,29.05432425921465,,100.2158867,Bolivia,47.3672,15.0,-0.0995,13583033.0,3172.0,-0.387,52.541494,8.07558341463199
BO,2015.0,,2996.0128981134417,4.11807754841214,29.434989487661834,,100.0,Bolivia,48.3841,14.2,-0.1594,13556879.0,3172.0,-0.432,49.63241,8.00053201606398
BO,2016.0,,3035.8734773213155,2.97275312620724,20.79458821002899,,100.363304,Bolivia,50.1109,13.6,-0.1912,13513867.0,3172.0,-0.333,53.709129,7.75800043291515
BO,2017.0,,4048.4011973983856,5.01456692473101,25.178964872167946,,100.7484768,Bolivia,50.7729,14.3,-0.228,13470787.0,3172.0,-0.313,53.007062,7.50234451020562
BO,2018.0,,4206.855293666104,5.37166725772886,29.69238466926849,,101.7549153,Bolivia,51.474,14.3,-0.3225,13427641.0,3172.0,-0.364,53.383622,6.1864636236867
BO,2019.0,,4203.15492855788,4.09529358747088,36.31021044427124,,102.4573149,Bolivia,52.3957,13.5,-0.4803,13384428.0,2999.0,-0.458,52.541494,5.58864217154672
BO,2020.0,,3580.9676177830274,2.7203797976672,35.88762019230769,,102.5474635,Bolivia,49.2431,16.9,-0.3793,13341148.0,3069.0,-0.472,49.63241,5.06150022100829
BO,2021.0,,4010.7605368620434,9.46769419569564,38.23759647188534,,103.2850915,Bolivia,53.3856,12.8,-0.3237,13299567.0,2782.0,-0.478,53.709129,4.60747602484972
BO,2022.0,,4219.461137424454,,,,103.5795646,Bolivia,55.432,,-0.3957,13257885.0,2782.0,-0.434,53.007062,4.00258206527796
BO,2023.0,,4274.70820547613,,,,,Bolivia,57.2128,,-0.4295,13216102.0,2643.0,-0.409,53.383622,3.45180097710263
BO,2024.0,,4421.166098899988,,,,,,,,,13174219.0,2715.0,-0.61,,2.97201835287351
BO,2025.0,,,,,,,,,,,13132235.0,2593.0,,,
BO,,,,,,,,,,,,,,,,
BR,1990.0,,2619.8014106404667,2.68167389862843,94.50051835329704,,,,,,,142382555.0,3323.0,,35.659456,6.31
BR,1991.0,,2258.1045402706286,2.32109734238196,94.62575252691175,,,,,,,14140178.0,3323.0,,36.646024,6.64
BR,1992.0,,2127.2908301148923,2.48015551009855,94.41943971009216,,84.85685353,,,,,14041615.0,3323.0,,37.812932,7.03
BR,1993.0,,2348.9063543638385,2.05663127242723,95.25470679747278,,85.24267232,,,,,13942563.0,3323.0,,38.838776,7.21
BR,1994.0,,3298.714918917858,1.37319774228072,95.40533992716531,,85.15254492,,,,,13843019.0,3323.0,,38.25339,7.7
BR,1995.0,,4756.750135523019,1.14877560865906,94.15749580008782,,88.48358067,,,,,13742977.0,3323.0,,39.065027,8.2
BR,1996.0,,5179.130520099764,1.14889170835858,93.56113403689945,,88.94269153,,,,,13642437.0,3323.0,0.018,38.004643,9.2
BR,1997.0,,5299.397942481326,1.03895894476099,92.97783636706042,,89.26589589,,,,,13541391.0,3323.0,,36.391801,10.2
BR,1998.0,,5105.892461920029,0.962811621846264,92.9233437348484,,89.92825297,,,,,13439839.0,3323.0,-0.18,36.749918,11.8
BR,1999.0,,3493.571920432285,1.71450974118159,90.03692682751945,,91.16909463,,,,,13337776.0,3323.0,,35.929462,14.6
BR,2000.0,,3766.547863398345,2.15912007223176,89.49575535238313,,91.0264208,Brasil,870.3341,42.7,0.2886,13235197.0,3323.0,-0.162,36.156077,17.7718522700965
BR,2001.0,,3176.2897505252413,2.23774123802714,84.2906139272103,,91.12787191,Brasil,882.1005,41.3,,13162145.0,3323.0,,34.873114,21.2311534822596
BR,2002.0,,2855.9401713704933,2.8154673100718,85.7402993019374,,91.14076741,Brasil,904.526,42.9,0.484,1308897.0,3323.0,-0.054,34.850326,21.7422563024036
BR,2003.0,,3090.606890783902,2.70034429443933,87.16372938389796,,91.29623274,Brasil,934.4198,45.1,0.4895,13015672.0,3323.0,-0.118,34.873114,21.7054681414109
BR,2004.0,,3663.822624978113,2.53496036492128,86.03184644331054,,94.01840577,Brasil,983.4187,45.2,0.4728,1294225.0,3323.0,-0.217,34.850326,21.6662772778013
BR,2005.0,,4827.781658902905,3.65047497650545,87.13746765153225,,93.70460655,Brasil,1000.6449,46.1,0.5824,12868705.0,3323.0,-0.345,33.832999,21.5783257200744
BR,2006.0,,5934.1456185745365,3.82714515901824,86.77701228367638,,93.37553086,Brasil,1004.5791,46.7,0.605,12795035.0,3323.0,-0.379,33.192678,20.7873315539684
BR,2007.0,,7409.690038228608,4.10201494553661,88.22733838484815,,94.09709224,Brasil,1024.2102,47.2,0.5862,12721241.0,3323.0,-0.387,31.161815,20.8958563861744
BR,2008.0,,8908.333384679483,4.7760488329414,84.33459089073504,,94.85113497,Brasil,1057.6067,47.0,0.6355,12647323.0,3323.0,-0.119,29.804107,21.6608874353853
BR,2009.0,,8678.658473065296,2.38487387569911,89.05454592262524,,95.61807535,Brasil,1032.2058,48.9,0.574,12573278.0,3323.0,-0.025,28.92218,21.6040236286816
BR,2010.0,,11403.284003869394,3.64871282999395,84.81639788021631,,96.32609156,Brasil,1110.0271,46.8,0.6302,12499108.0,3323.0,-0.008,24.697299,21.7558070885293
BR,2011.0,,13396.626315804127,4.33686638966397,87.19517749648806,,97.10024332,Brasil,1146.6495,45.2,0.5275,12465118.0,3323.0,-0.036,24.27899,22.0323596825546
BR,2012.0,,12521.723845443394,3.85552495977285,82.57765825912698,,97.85735501,Brasil,1180.0088,43.5,0.5533,12431066.0,3323.0,-0.006,22.865334,22.5041493226164
BR,2013.0,,12458.890339662465,3.78686028400519,76.82520084507338,,98.60963062,Brasil,1215.9431,42.3,0.426,12396949.0,3323.0,0.138,22.823457,22.6917084774089
BR,2014.0,,12274.994163021336,3.28623279487755,72.57709272527237,,99.28116699,Brasil,1248.6093,41.7,0.425,12362768.0,3323.0,-0.02,22.392473,22.0547067448946
BR,2015.0,,8936.195588944402,2.35832735012319,73.54009626582052,,100.0,Brasil,1233.2232,43.7,0.4613,12328524.0,3323.0,-0.102,20.524469,21.6571343914938
BR,2016.0,,8836.285460256942,2.43013532231265,79.71280895569382,,100.7055871,Brasil,1208.3076,45.4,0.46,12275172.0,3195.0,-0.101,21.073907,20.6693917058988
BR,2017.0,,10080.507872282147,2.73375767842298,78.41815458700346,,101.4227185,Brasil,1219.2389,45.3,0.4292,12221738.0,3014.0,-0.105,22.32541,19.7239963401691
BR,2018.0,,9300.660729040035,3.61759120230309,81.57307523184174,,101.4602941,Brasil,1195.9214,46.9,0.2933,121682205.0,2454.0,-0.206,22.974869,18.5883426979314
BR,2019.0,,9029.83304401079,3.21717303299592,81.43023575427466,,101.4258868,Brasil,1200.306,47.5,0.2047,1211462.0,2141.0,0.043,23.177073,16.2506579303849
BR,2020.0,,7074.194074957075,3.22987656043381,83.17614240001018,,101.3667827,Brasil,1196.01,50.0,0.1668,12060937.0,2196.0,-0.087,20.545703,14.6907357922001
BR,2021.0,,7972.536960806947,7.94111199933246,77.3753492178891,,101.4130652,Brasil,1277.187,46.5,0.0764,11997181.0,2196.0,-0.069,21.715387,13.7854218424528
BR,2022.0,,9281.332821368642,,,,101.1210213,Brasil,1278.5422,,0.0304,11933271.0,2196.0,-0.235,23.577382,12.9634604821731
BR,2023.0,,10377.58977191948,,,,,Brasil,1297.1707,,0.249,11869207.0,3133.0,-0.267,22.797121,12.1123073322343
BR,2024.0,,10310.548877816553,,,,,,,,,11804989.0,3133.0,-0.224,22.6102572727273,10.6345130917461
BR,2025.0,,,,,,,,,,,11740615.0,3133.0,,22.6827660454545,
BR,,,,,,,,,,,,,,,,
CL,1990.0,,2487.76829657299,11.1674175940099,53.83736120182887,,,,,,,38703406.0,3411.0,,21.387903,6.43
CL,1991.0,,2798.3426241379475,5.94722567017809,70.97339812634638,,,,,,,3894056.0,3411.0,,,7.73
CL,1992.0,,3351.841088555225,4.63171552198061,82.69462952197827,,120.8073372,,,,,39178893.0,3411.0,,22.831814,9.24
CL,1993.0,,3540.913773130155,3.35411622206962,81.66479190101236,,119.9161426,,,,,39418405.0,3411.0,,,10.8
CL,1994.0,,4012.1015991228487,4.8849330643983,74.26514222415635,,119.8291831,,,,,3965911.0,3411.0,,,11.1
CL,1995.0,,5081.4682771561,6.55630977481336,72.40518071859279,,118.7006495,,,,,39901015.0,3411.0,,,12.5
CL,1996.0,,5333.50438729711,4.95869610912803,60.452933328994895,,116.0901397,,,,,40144128.0,3411.0,1003.0,22.025575,14.6
CL,1997.0,,5741.958429895956,4.60520277817387,62.134726852268976,,116.1806579,,,,,4038846.0,3411.0,,,18.0
CL,1998.0,,5419.824172971906,2.51172777125851,48.17088625418908,,116.4006933,,,,,40634018.0,3411.0,0.895,22.904469,20.1
CL,1999.0,,4933.555815167552,3.6694603049762,38.03073717113832,,114.5782476,,,,,40880814.0,3508.0,,,20.3
CL,2000.0,,5052.992457663253,4.87094937341686,49.451070412695245,,112.5176293,Chile,80.9636,31.4,1.0475,41128856.0,3508.0,0.939,23.057697,21.3014431776806
CL,2001.0,,4563.595298668896,3.94016087143578,55.02574592650067,,110.4754969,Chile,79.2379,32.1,,41308394.0,3508.0,,,22.1788159271363
CL,2002.0,,4430.847411579841,3.69658229472728,56.275331455657074,,108.3117497,Chile,79.7961,33.1,1.1728,41488236.0,3508.0,1105.0,,21.8629675698428
CL,2003.0,,4773.401775207537,5.01162090891452,51.5620662410045,,105.4847471,Chile,81.9608,31.6,1.1271,4166838.0,3508.0,1.16,22.2632,20.2939989336496
CL,2004.0,,6120.59152055344,9.56665341226193,48.08428370567099,,104.1381618,Chile,87.4346,31.4,1.1583,41848826.0,3508.0,1146.0,,20.6649500145855
CL,2005.0,,7480.3233099863555,9.79630843278012,55.0358204405152,,103.047038,Chile,88.0872,32.3,1.3084,42029577.0,3508.0,1305.0,,21.1676065330387
CL,2006.0,,9318.656552961203,17.3488493708667,56.32682574114244,,100.4030703,Chile,89.4558,32.9,1.306,42210636.0,3508.0,1277.0,20.209276,20.4952270537722
CL,2007.0,,10346.413818453251,17.1517567156625,45.06998923242578,,98.12161678,Chile,98.2183,30.5,1.314,42391998.0,3508.0,1286.0,,20.751547198793
CL,2008.0,,10683.218877251113,13.8254393455321,46.55131984456653,,98.41842157,Chile,102.6001,30.8,1.244,42573667.0,3508.0,1197.0,,20.9323149348405
CL,2009.0,,10098.801716728622,8.79204050030603,49.72826981983466,,98.92738943,Chile,98.9627,31.5,1.275,42755646.0,3508.0,1274.0,21.974087,20.9016297788601
CL,2010.0,,12632.870472419238,11.9881628362203,40.7618228149717,,98.28813226,Chile,101.6041,27.0,1.2593,4293793.0,3508.0,1155.0,,20.1342970540811
CL,2011.0,,14487.392783203197,12.1645185437385,39.7270859647254,,99.35052155,Chile,112.2079,28.8,1.1506,430632.0,3508.0,1241.0,,19.4221976535482
CL,2012.0,,15241.906998111876,9.05442637303188,36.730469814052846,,98.87659909,Chile,116.2296,30.3,1.1457,43188703.0,3508.0,1284.0,17.654394,18.7937646864548
CL,2013.0,,15683.548636915511,7.66232423505302,35.906288920823926,,99.64967526,Chile,118.7258,30.2,1.1429,4331444.0,3508.0,1226.0,,18.9248027619824
CL,2014.0,,14529.676720633584,6.87780503013052,43.119019688211104,,99.50284077,Chile,110.9509,27.0,1.1536,4344041.0,3508.0,1102.0,,19.1878167474101
CL,2015.0,,13433.920298703231,4.04461870413776,43.64706818362638,,100.0,Chile,116.6424,25.1,1.1268,4356662.0,3508.0,1051.0,15.457424,19.0932601935158
CL,2016.0,,13649.85204528032,3.20569572328577,43.46181964857438,,100.723086,Chile,121.9211,24.6,1.1141,4358566.0,3508.0,0.973,,18.4759192435456
CL,2017.0,,14879.90862271865,5.30261792520974,44.10183401935979,,101.812255,Chile,124.5992,24.1,1.1097,43604735.0,3508.0,0.962,17.480892,17.2437510736107
CL,2018.0,,15659.480867562766,5.83707726201581,46.31506333572183,,101.3989372,Chile,126.7867,25.5,1.1172,43623835.0,3508.0,1036.0,,15.8638739215625
CL,2019.0,,14495.716721686991,2.56889266052365,45.38899926677547,,100.902985,Chile,133.2977,25.3,1.081,43642965.0,3508.0,1047.0,,14.3260166402886
CL,2020.0,,13114.815470545014,5.48716936741024,48.783065255437954,,100.3456144,Chile,126.1561,26.7,1.0555,43662128.0,3508.0,0.873,10.966433,13.2568677188716
CL,2021.0,,16206.832549342109,16.9044168802743,48.08219909563952,,102.8486518,Chile,127.2099,24.2,0.9953,43702915.0,3347.0,0.87,,12.9056789423948
CL,2022.0,,15405.616577407298,,,,98.29087478,Chile,129.5282,,1.0099,437438.0,3024.0,0.875,14.787875,11.3372982078077
CL,2023.0,,17067.036479915365,,,,,Chile,116.8374,,1.0282,43784785.0,2.84,0.997,,10.0598891032963
CL,2024.0,,16709.889397230672,,,,,,,,,43825868.0,2952.0,0.964,,8.78587968461663
CL,2025.0,,,,,,,,,,,43867052.0,2952.0,,,
CL,,,,,,,,,,,,,,,,
CO,1990.0,,1474.8455285341977,6.90290637643892,76.38419011469593,,,,,,,14988446.0,1871.0,,,7.44
CO,1991.0,,1485.7397188920795,4.19951137793811,75.68261692349284,,,,,,,14966993.0,2334.0,,,7.96
CO,1992.0,,1730.390917953288,3.65200984470421,68.66500728508986,,142.4175003,,,,,14945436.0,2.48,,,8.36
CO,1993.0,,1929.2672181173757,2.98064670992827,73.25397442879743,,138.0148605,,,,,1492377.0,2.48,,,9.12
CO,1994.0,,2325.918729733743,2.41695103636019,78.49259822743848,,134.8909377,,,,,14901997.0,2.48,,,10.0
CO,1995.0,,2583.665763498584,3.12840978420135,76.40462590130161,,123.7807309,,,,,14880116.0,2.48,,,10.8
CO,1996.0,,2664.6405605998307,3.72384039434735,82.99202066325354,,135.3239894,,,,,14858124.0,2.48,-0.053,,12.7
CO,1997.0,,2873.2814350993003,3.06670230612638,71.64443448043941,,136.3260753,,,,,14836024.0,2.48,,,14.5
CO,1998.0,,2604.8716695951766,2.05430024171781,69.74630821658462,,137.0196003,,,,,14813812.0,2.48,-0.456,,16.8
CO,1999.0,,2241.229118012161,4.32181182919172,79.8608192050815,,134.8528375,,,,,14791487.0,2.48,,,17.3
CO,2000.0,,2555.00751039968,5.79241275178545,74.13816048781618,,143.9206166,Colombia,153.0725,27.9,-0.5922,14769051.0,2746.0,-0.486,,18.4005887551511
CO,2001.0,,2472.9908403583336,3.898278216233,76.81060117842019,,141.3015903,Colombia,153.8539,27.1,,14754568.0,2746.0,,,18.563792497579
CO,2002.0,,2428.9296977158447,3.95007189063968,79.11010477712662,,130.6948853,Colombia,152.6071,28.6,-0.484,14740062.0,2746.0,-0.769,,19.2586773162242
CO,2003.0,,2311.942187602908,4.56302920257189,82.04253765011708,,130.9730546,Colombia,153.2679,30.6,-0.4809,14725531.0,2746.0,-0.418,,19.1713700437807
CO,2004.0,,2818.5719541304416,5.92813672580534,82.29010980171338,,127.5389728,Colombia,153.8665,29.0,-0.2484,14710976.0,2746.0,-0.249,,18.2669637808823
CO,2005.0,,3456.066108745124,6.26115845587611,83.59198712855553,,120.3543575,Colombia,157.5663,28.9,-0.2388,14696395.0,2746.0,-0.312,,18.226894044923
CO,2006.0,,3789.853612170272,7.29062678619221,80.76616082719632,,111.3886468,Colombia,156.4089,30.6,-0.1727,14681791.0,2913.0,-0.204,,18.4118187301124
CO,2007.0,,4769.926147194003,6.6997731158152,81.56751520857473,,115.2586832,Colombia,161.2139,31.0,-0.1247,14667162.0,2913.0,-0.19,,18.3278118514714
CO,2008.0,,5541.836296658978,8.78822691726813,83.93597283045848,,115.0235785,Colombia,162.342,30.8,-0.117,14652508.0,2913.0,-0.182,44.326477,18.1196526194224
CO,2009.0,,5250.972924335177,4.85703346033699,73.1129715165512,,113.2293362,Colombia,167.7937,31.4,-0.1398,14637829.0,2913.0,-0.249,44.345825,16.8818767794868
CO,2010.0,,6398.295844710204,6.70109253013503,68.5384551947088,,107.924649,Colombia,173.7982,30.6,-0.1462,14623126.0,2913.0,-0.149,43.838677,16.0486718733652
CO,2011.0,,7400.994069566899,9.86049155221695,79.75637995079357,,110.7701551,Colombia,177.2547,29.6,-0.0089,1461446.0,2913.0,-0.053,43.254327,15.7463340275063
CO,2012.0,,8108.598382442293,8.29683079092449,76.79469302318262,,108.4438197,Colombia,175.2878,29.6,-0.0525,14605777.0,2913.0,-0.105,41.981003,15.4566439925269
CO,2013.0,,8279.102556429807,7.3843393604104,61.65828840150809,,100.5039902,Colombia,185.4022,32.0,-0.1121,1459708.0,2913.0,-0.049,40.135163,15.4739239285915
CO,2014.0,,8187.208248900844,6.53057789835517,65.0719129896443,,101.8849188,Colombia,185.3514,32.1,-0.0568,14588364.0,2913.0,-0.207,37.661508,15.4211765127301
CO,2015.0,,6248.514905345122,3.70587614553491,58.84156954552394,,100.0,Colombia,187.0444,31.1,0.0168,14579633.0,2913.0,-0.134,37.089042,15.1357527814598
CO,2016.0,,5959.842503675744,3.09947714544169,63.01041666666667,,104.6678515,Colombia,190.7726,30.5,0.0341,14550704.0,2913.0,-0.115,35.525628,15.0007529905869
CO,2017.0,,6479.532312924286,3.72823321108347,74.4765766902119,,107.9271239,Colombia,187.1258,32.2,0.0208,14521729.0,2913.0,-0.149,34.62866,14.5179669568174
CO,2018.0,,6816.968183095439,4.940258188938,73.2358465790428,,117.8913019,Colombia,195.8783,30.4,0.0817,14492708.0,2913.0,-0.114,34.425985,14.2246794534117
CO,2019.0,,6472.545449247049,4.30433092902696,70.1969657402226,,118.2486378,Colombia,201.0933,31.5,0.0805,14463643.0,2913.0,-0.074,36.080307,14.0504690782447
CO,2020.0,,5339.687113579434,2.55119417609951,65.27714993274586,,117.7688855,Colombia,199.6455,32.0,0.0628,14434533.0,2722.0,-0.083,33.568461,14.3156753495364
CO,2021.0,,6222.621643976142,5.32396445388134,75.12462226663811,,115.9517548,Colombia,212.6989,29.7,-0.0099,14419861.0,2722.0,-0.032,35.882034,14.7834832862661
CO,2022.0,,6680.445068544809,,,,118.3590278,Colombia,209.7608,,0.0289,14405153.0,2789.0,0.002,34.748193,14.591526868559
CO,2023.0,,7000.836605010462,,,,,Colombia,215.4766,,0.0304,14390409.0,2789.0,-0.042,32.902411,13.9083080586605
CO,2024.0,,7919.2088682534495,,,,,,,,,14375631.0,2605.0,-0.111,31.888542,11.9425247676797
CO,2025.0,,,,,,,,,,,14360816.0,2349.0,,,
CO,,,,,,,,,,,,,,,,
CR,1990.0,,1829.6687089559,3.29362536409102,97.520184544406,,,,,,,6351374.0,3651.0,,25.658245,9.02
CR,1991.0,,2253.38191508071,2.7705851981399,94.87577639751554,,,,,,,63878946.0,3651.0,,30.026108,9.52
CR,1992.0,,2612.387564537369,2.57139424487584,82.83794788273615,,133.0783488,,,,,64245954.0,3651.0,,23.737564,9.95
CR,1993.0,,2840.387064793974,2.20327488825599,89.92263843648209,,125.4020954,,,,,6461479.0,3651.0,,26.546525,10.8
CR,1994.0,,3039.563285506332,2.36855202407589,90.14657980456026,,120.946925,,,,,6498545.0,3651.0,,25.215691,12.5
CR,1995.0,,3275.252564474161,2.90594941109728,82.74943659086253,,119.4680264,,,,,6535796.0,3651.0,,26.421512,13.5
CR,1996.0,,3226.963955986253,2.57877076272718,90.7122032486464,,117.4157859,,,,,6573234.0,3651.0,-0.024,28.583296,14.5
CR,1997.0,,3407.7761289850027,2.28730285708989,96.95241489930494,,119.0029867,,,,,6610859.0,3651.0,,28.165808,18.5
CR,1998.0,,3617.457566667265,1.51817198447363,91.85294661001294,,118.1095198,,,,,6648673.0,3651.0,-0.027,29.406778,19.6
CR,1999.0,,3690.96154778297,1.15423351439575,97.84719974101652,,119.5354234,,,,,6686678.0,3651.0,,29.416477,20.8
CR,2000.0,,3812.7538828492393,1.01441557771135,98.59286023991906,,115.1274336,Costa Rica,10.9881,33.0,1.0859,6724874.0,3651.0,0.109,27.182418,22.8236051195877
CR,2001.0,,3985.129845062071,1.05121844888149,,,115.3327717,Costa Rica,11.1374,32.1,,6738016.0,3651.0,,27.024634,23.5710275042299
CR,2002.0,,4067.718514290924,0.981118861036768,97.80132890365448,,110.0023217,Costa Rica,11.1518,32.5,1.1281,67511804.0,3651.0,0.2,28.38597,25.4676430212687
CR,2003.0,,4173.148564155143,1.02044880139504,99.19388165839258,,112.3742691,Costa Rica,11.5841,33.3,1.0818,67643665.0,3651.0,0.193,25.634866,28.0087822896774
CR,2004.0,,4431.011720784304,1.00110593588162,96.23481436396834,,110.5882505,Costa Rica,11.8563,39.2,1.0488,67775756.0,3651.0,0.266,28.064377,31.9801917964381
CR,2005.0,,4703.007217847779,1.12142978712725,95.58438256658596,,111.6868204,Costa Rica,12.2624,41.7,1.0234,6790806.0,3651.0,0.231,26.769747,32.5844824511175
CR,2006.0,,5256.596408591589,1.49198409303492,92.7713004484305,,108.0105264,Costa Rica,12.8317,42.4,1.0519,68040594.0,3651.0,0.168,26.122123,30.7660355352738
CR,2007.0,,6137.711999255424,1.63840228211153,91.8558011049724,,104.0537167,Costa Rica,13.9419,41.2,1.064,6817336.0,3651.0,0.244,23.465844,32.7993985728662
CR,2008.0,,6937.242615960555,1.48654911478283,92.720920413764,,102.4605763,Costa Rica,14.1231,40.7,1.0271,68306334.0,3651.0,0.276,22.406274,32.3809654653004
CR,2009.0,,6832.69829924138,1.2301475943504,95.06208378088076,,104.4481887,Costa Rica,13.9482,40.7,1.0597,6843954.0,3651.0,0.402,25.7365320175439,33.3260144748945
CR,2010.0,,8265.788202755815,1.62716715850808,92.51059167275385,,103.9326032,Costa Rica,14.1068,40.4,1.1191,68572976.0,3651.0,0.403,22.157988,23.2746453987105
CR,2011.0,,9276.391075113472,1.26384990129987,90.52695280716028,,104.4148933,Costa Rica,14.5276,38.0,1.1102,6898815.0,3651.0,0.364,23.715755,22.3808324509803
CR,2012.0,,10126.999102417712,1.2425772572914,90.94200904265776,,104.1956518,Costa Rica,14.1283,38.1,1.0973,694041.0,3651.0,0.434,21.625258,21.3358293663675
CR,2013.0,,10803.240196217295,1.34122901696494,87.46634098680997,,102.8310624,Costa Rica,14.4725,37.8,1.0891,69820836.0,3651.0,0.338,21.504762,20.5349621205616
CR,2014.0,,10911.497878334028,1.387670718648,88.98913575413526,,100.064027,Costa Rica,14.6924,37.6,1.1416,70238344.0,3651.0,0.367,21.27599,18.4853157640915
CR,2015.0,,11714.710598073205,1.13397448273593,98.38938216796151,,100.0,Costa Rica,14.4908,38.3,1.1586,70656635.0,3651.0,0.36,23.545115,17.8395023036348
CR,2016.0,,12091.030160615412,1.23322083330008,97.21880717160629,,99.73734494,Costa Rica,15.1719,34.1,1.1386,7079561.0,3651.0,0.316,24.458683,17.2251149476536
CR,2017.0,,12317.090277130375,1.13383955527767,98.7375187109272,,95.53533079,Costa Rica,15.5189,33.3,1.1765,70934795.0,3651.0,0.334,23.077004,16.5603844518526
CR,2018.0,,12590.24937816141,0.945537295658598,97.70384515233052,,93.15621462,Costa Rica,15.9983,33.1,1.2067,71074195.0,3651.0,0.353,22.053618,15.4873575431773
CR,2019.0,,12884.685995198872,0.759689840900586,98.33226002958835,,91.98350579,Costa Rica,15.8529,33.4,1.1972,7121381.0,3651.0,0.304,21.537034,12.8071849623356
CR,2020.0,,12394.049396949187,0.904748239780319,98.94193878421008,,91.17474109,Costa Rica,14.3477,36.4,1.2021,71353644.0,3651.0,0.226,17.380114,11.1213033736433
CR,2021.0,,12838.11853589308,0.763407374189705,99.36680537018135,,91.52839903,Costa Rica,15.4278,34.2,1.1267,7152405.0,3651.0,0.271,20.328514,9.94972715350313
CR,2022.0,,13625.900849132848,,,,90.69941681,Costa Rica,15.685,,1.111,71694866.0,3651.0,0.121,18.113858,9.66721208084199
CR,2023.0,,16942.026811937547,,,,,Costa Rica,16.7267,,1.0984,7186609.0,3651.0,0.334,17.60422,12.3815278546281
CR,2024.0,,18587.15322034816,,,,,,,,,7203773.0,3651.0,0.287,17.912951,11.8999553598406
CR,2025.0,,,,,,,,,,,7220978.0,3651.0,,,
CR,,,,,,,,,,,,,,,,
CU,1990.0,,2694.3169795769218,0.889900006052379,10.250266240681576,,,,,,,53228565.0,0.34,,,3.17
CU,1991.0,,2268.834932471936,0.974175974856255,10.33441533932211,,,,,,,54253127.0,0.34,,,3.16
CU,1992.0,,2047.6790034642067,0.980780881926143,12.289824926330386,,102.6239329,,,,,5528276.0,0.34,,,3.12
CU,1993.0,,2063.2036625358664,0.726531018736827,8.807489547355027,,102.8187466,,,,,56317504.0,0.34,,,3.22
CU,1994.0,,2613.289718691224,0.749040387549148,7.90639364814041,,103.0149802,,,,,5735739.0,0.34,,,3.21
CU,1995.0,,2785.244429541026,1.1031987834832,6.1321133317280685,,102.9774942,,,,,58402464.0,0.34,,,3.23
CU,1996.0,,2282.188093242024,1.42702180446909,7.683590208522212,,101.0209269,,,,,5945276.0,0.34,-1049.0,,3.25
CU,1997.0,,2306.424833973362,1.13012663531633,7.069136151562279,,101.39371,,,,,6050832.0,0.34,,,3.37
CU,1998.0,,2332.3065613311883,0.568750635856304,6.191687871077184,,101.3365397,,,,,6156918.0,0.34,-0.783,,3.51
CU,1999.0,,2561.7798040683765,0.788553451429859,6.789953077560034,,101.3384223,,,,,62635385.0,0.34,,,3.92
CU,2000.0,,2751.381771481403,1.9061358593501,6.873336881319851,,100.7923188,Cuba,46.0279,34.4,-1.5049,6370697.0,0.34,-0.481,,4.39824652004045
CU,2001.0,,2842.9670431039403,1.17627917876909,6.571017713576051,,102.4490885,Cuba,44.4571,34.0,,64966165.0,0.34,,,5.15441669212102
CU,2002.0,,3005.211042478684,1.36767488938968,6.657748901203899,,104.3774403,Cuba,43.0607,34.8,-1.5205,6622748.0,0.34,-0.805,,5.95521255445578
CU,2003.0,,3202.781098656367,1.92021874871511,5.364958886780519,,104.4841266,Cuba,42.1516,33.6,-1.527,6749092.0,0.34,-0.81,,6.46120308316702
CU,2004.0,,3399.219628934021,2.70599089783315,5.6070103620314695,,104.6217672,Cuba,41.31,33.8,-1.6879,6875649.0,0.34,-0.58,,6.83524048391121
CU,2005.0,,3786.337992252912,2.637736541097,3.176248207534872,,104.6720325,Cuba,41.5119,26.3,-1.6913,7002419.0,0.34,-0.899,,7.60003459250895
CU,2006.0,,4329.982659643831,3.74613117909438,3.035399842127634,,104.5016416,Cuba,42.8436,22.0,-1.582,7129403.0,0.34,-0.466,,8.52567927614809
CU,2007.0,,4807.438889606839,6.72039794760689,3.0327450201464163,,104.4083026,Cuba,43.8461,18.6,-1.5388,72566025.0,0.34,-0.464,,9.34785659457839
CU,2008.0,,4986.12436479175,3.18662044497083,3.9610793686711543,,104.1306569,Cuba,43.2677,18.7,-1.5413,7384016.0,0.34,-0.43,,9.63613119015438
CU,2009.0,,5089.235197571668,1.7631346184052,3.886958483754513,,103.8806581,Cuba,43.7491,19.0,-1.542,7511646.0,0.34,-0.426,,9.91424399314405
CU,2010.0,,5272.2675582483525,2.69060313010367,3.2365925159510263,,103.650914,Cuba,44.5408,15.6,-1.5193,7639492.0,0.34,-0.596,,10.2999280631515
CU,2011.0,,6104.461052361658,2.92694825350704,3.2270833333333333,,103.4591327,Cuba,44.3657,19.2,-1.5006,779417.0,0.34,-0.596,,10.5597266079203
CU,2012.0,,6470.83673392653,2.18752036209115,3.713696548730193,,102.8059554,Cuba,45.4924,19.4,-1.4992,7949136.0,0.34,-0.475,,10.7626573949355
CU,2013.0,,6828.364282453959,1.71188160483376,4.437931034482759,,102.8840514,Cuba,46.0097,18.2,-1.4699,8104392.0,0.534,-0.475,,10.9511215403348
CU,2014.0,,7146.704590513279,1.66734771791981,4.020241660642363,,102.4842123,Cuba,44.1134,23.2,-1.4283,8259938.0,0.534,-0.002,,11.2071789487208
CU,2015.0,,7727.919972079983,0.693800859230045,3.955293769716088,,100.0,Cuba,46.2138,21.1,-1.3981,8415775.0,0.534,-0.003,,11.4931222125992
CU,2016.0,,8110.558742836164,0.469100172114536,3.9688630364649526,,100.5060617,Cuba,44.1408,19.2,-1.4104,84665425.0,0.534,-0.035,,11.7348440546328
CU,2017.0,,8610.608296054288,0.66367803344131,3.842932191847456,,95.47230806,Cuba,43.1098,22.0,-1.416,8517389.0,0.534,-0.064,,11.9950970093873
CU,2018.0,,8911.462059987256,1.10185419907902,3.646254259250372,,95.47290737,Cuba,43.453,24.0,-1.2857,85683145.0,0.534,-0.212,,12.3288363050963
CU,2019.0,,9232.261159351829,0.920750895009186,4.183625289201568,,95.46873181,Cuba,38.9997,23.1,-1.1896,8619319.0,0.534,-0.108,,12.9175568422524
CU,2020.0,,9605.27914559614,0.565351678337536,4.52800156242371,,95.47932348,Cuba,34.484,24.5,-1.19,8670402.0,0.437,-0.11,,13.4411454755281
CU,2021.0,,,,4.770739996910243,,95.36064919,Cuba,37.7423,20.9,-1.2292,8686097.0,0.437,-0.098,,13.839648888598
CU,2022.0,,,,,,95.38450391,Cuba,34.997,,-1.2297,870183.0,0.437,0.02,,14.2274105726856
CU,2023.0,,,,,,,Cuba,35.0999,,-1.2494,8717601.0,0.437,-0.002,,14.4186111510136
CU,2024.0,,,,,,,,,,,873341.0,0.437,-0.27,,14.4879730318896
CU,2025.0,,,,,,,,,,,8749256.0,0.228,,,
CU,,,,,,,,,,,,,,,,
DO,1990.0,,989.1639412076594,2.01017458840216,10.04566210045662,,,,,,,49087923.0,2832.0,,,4.77
DO,1991.0,,1345.846736906233,1.40795463511044,13.571428571428571,,,,,,,4928675.0,2832.0,,,5.62
DO,1992.0,,1558.2978207107535,0.802566480155784,9.96968075619761,,110.9975302,,,,,49486563.0,2832.0,,,6.44
DO,1993.0,,1722.4199599398096,0.270241819529112,21.603563474387528,,110.980204,,,,,49687363.0,2832.0,,,6.98
DO,1994.0,,1891.6705567900049,0.793311412444342,10.143910143910144,,110.2403592,,,,,49889162.0,2832.0,,,7.17
DO,1995.0,,2109.169407286892,1.14002177756892,11.689017760057991,,109.7429903,,,,,5009197.0,2832.0,,,7.39
DO,1996.0,,2270.865586872028,0.70339446524712,13.568745304282496,,112.9671112,,,,,50295793.0,2832.0,-0.303,,7.7
DO,1997.0,,2448.8939353536302,0.503240742590817,9.788577704557936,,107.5688313,,,,,5050063.0,2832.0,,,8.62
DO,1998.0,,2607.854573214045,0.0481131529630172,11.217614121666507,,107.3657109,,,,,50706502.0,2832.0,-0.878,,9.29
DO,1999.0,,2620.889681727205,0.190528242624742,14.212786646138886,,109.7200789,,,,,50913412.0,2832.0,,,9.79
DO,2000.0,,2831.458836380334,0.341026792433444,7.8800515581166115,,105.9264902,República Dominicana,27.616,19.1,-0.1448,5112136.0,2832.0,-0.876,,10.4164050422929
DO,2001.0,,2935.893673126681,0.0227890061773118,6.566449309113493,,107.2444429,República Dominicana,28.2314,18.9,,5121272.0,2832.0,,,10.9531422317372
DO,2002.0,,3065.60329524196,0.0276477786257098,7.713327146834178,,108.7058991,República Dominicana,30.6239,17.9,-0.0161,51304232.0,2832.0,-0.844,,10.2681074327557
DO,2003.0,,2383.2617178039336,0.541632394719868,10.303969359331475,,105.2549672,República Dominicana,28.3249,18.9,-0.1083,51395897.0,2832.0,-0.838,,10.1196687979226
DO,2004.0,,2451.691616165686,1.21413014952002,14.0622655663916,,103.2884728,República Dominicana,27.775,20.7,-0.0171,51487718.0,2832.0,-0.798,,9.90959585242746
DO,2005.0,,3878.312067352443,0.721035390362793,15.032873011107776,,100.970158,República Dominicana,28.968,19.4,-0.0184,51579695.0,2832.0,-0.836,53.472885,9.71543302713031
DO,2006.0,,4055.142703473711,1.6062343112117,13.249716874292186,,100.0610598,República Dominicana,31.1964,18.0,0.0894,51671825.0,2832.0,-0.687,45.792155,9.60291646143749
DO,2007.0,,4649.645588758138,2.52804800376544,12.287274975951629,,99.06377999,República Dominicana,32.3024,17.9,0.0577,51764112.0,2832.0,-0.709,36.020224,9.58669401960181
DO,2008.0,,5023.585134035155,0.234147045628384,10.195473813756324,,97.79560358,República Dominicana,32.5613,17.7,0.0414,5185655.0,2832.0,-0.698,28.322006,10.2966427908114
DO,2009.0,,4973.951869999516,0.123503913034202,11.37429070274989,,96.3604447,República Dominicana,32.1294,17.3,0.0384,5194915.0,2832.0,-0.671,27.875684,9.95767521568518
DO,2010.0,,5478.624703989543,0.172400177111422,10.339650737782591,,95.5472998,República Dominicana,33.5341,16.9,0.0337,52041907.0,2832.0,-0.711,24.885109,10.3146023365164
DO,2011.0,,5826.510141091945,0.340210817624619,10.408380952380952,,93.54631755,República Dominicana,33.9006,16.8,-0.0206,52226476.0,2832.0,-0.674,28.055746,11.0580324747947
DO,2012.0,,6013.819650026031,0.446840708804603,11.81956843038723,,104.4964112,República Dominicana,34.7882,16.5,0.0501,5241139.0,2832.0,-0.501,28.835778,11.2105354985015
DO,2013.0,,6136.594293293015,1.02972097005091,12.671273835044566,,98.15722004,República Dominicana,34.4869,16.6,-0.0141,52596647.0,2832.0,-0.418,28.560291,11.4878181739881
DO,2014.0,,6496.451669711419,1.03750954514513,9.608004640371233,,96.83694552,República Dominicana,34.9999,17.3,0.0458,52782252.0,2832.0,-0.112,22.093299,11.886051785231
DO,2015.0,,6800.953093954736,0.535347858231712,7.764836630362303,,100.0,República Dominicana,37.4114,14.9,-0.0123,52968208.0,2832.0,-0.303,21.751913,12.5058877342408
DO,2016.0,,7160.442009823075,1.2819479321571,11.281656363248771,,95.73200702,República Dominicana,38.7951,15.3,-0.017,53054836.0,2832.0,-0.243,20.719102,12.7479498039602
DO,2017.0,,7412.715715715117,1.03534454096242,15.164417113971544,,95.7706261,República Dominicana,38.0381,16.9,-0.0264,53141598.0,2832.0,-0.314,31.082424,12.4671470274757
DO,2018.0,,7882.982215849437,0.868889463505184,13.83710976837865,,96.51745978,República Dominicana,40.3847,15.9,-0.0353,53228498.0,2832.0,-0.357,29.930904,11.8547738542929
DO,2019.0,,8183.016236003749,1.05544444208182,12.186899686079746,,95.82094792,República Dominicana,43.5951,14.4,0.0034,5331553.0,2832.0,-0.299,30.926943,11.1169104069077
DO,2020.0,,7135.222732558986,1.23931109405337,15.585907200598104,,97.35751902,República Dominicana,42.5129,16.0,0.0634,534027.0,2862.0,-0.36,26.42645,10.4965616852738
DO,2021.0,,8527.075485820502,2.07711318519727,17.056612708799722,,109.8923347,República Dominicana,45.8203,14.8,0.0898,53626116.0,3042.0,-0.15,25.628586,10.3804781886525
DO,2022.0,,10104.244934908073,,,,106.5362048,República Dominicana,48.8468,,0.117,53850073.0,3042.0,-0.121,30.53236,10.1853805815363
DO,2023.0,,10630.431743829022,,,,,República Dominicana,49.8018,,0.1486,5407457.0,3042.0,0.046,29.43513,10.0978399146079
DO,2024.0,,10875.661844309196,,,,,,,,,5429961.0,3042.0,0.075,28.4985,10.0576614931783
DO,2025.0,,,,,,,,,,,54525193.0,3042.0,,27.84726,
DO,,,,,,,,,,,,,,,,
EC,1990.0,,1455.0074851087052,12.9915656856879,78.54780280359111,,,,,,,3368735.0,2998.0,,,4.68
EC,1991.0,,1587.360499966719,7.24141251846212,72.77028964726125,,,,,,,3356239.0,2998.0,,,4.59
EC,1992.0,,1655.4461319263166,7.57641297443625,69.12173429683158,,130.4709688,,,,,3343681.0,2998.0,,,4.86
EC,1993.0,,1697.8888414144517,6.94166997844564,78.39697746592903,,127.5202627,,,,,3331061.0,2998.0,,,5.36
EC,1994.0,,1996.858947894442,6.69476702573695,80.6114931237721,,129.1876691,,,,,3318378.0,2998.0,,72.531558,5.79
EC,1995.0,,2108.00698245316,7.81653810988059,61.22909004626883,,127.1162242,,,,,3305632.0,2998.0,,61.019755,6.02
EC,1996.0,,2135.847937430799,9.06384330500035,67.92291220556746,,130.2039657,,,,,3292822.0,2998.0,-0.831,,6.78
EC,1997.0,,2340.7660002685748,7.15232502703141,63.05732484076433,,129.6691017,,,,,3279948.0,2998.0,,,7.48
EC,1998.0,,2284.0157284776915,4.06421827365714,59.74288337924701,,128.9107262,,,,,32670093.0,2998.0,-0.538,64.500895,8.09
EC,1999.0,,1575.3023473097069,8.23306097190049,69.6255335661622,,130.7952884,,,,,32540053.0,2998.0,,65.031509,9.06
EC,2000.0,,1382.2342175990902,16.7324376195742,71.7228609121749,,130.6363071,Ecuador,42.7261,19.4,-0.3498,32409358.0,2998.0,-1066.0,,9.64939019825196
EC,2001.0,,1791.303596850374,9.40733648144871,63.98787330316742,,129.4248029,Ecuador,46.6754,17.1,,32270733.0,2998.0,,,10.3462078858377
EC,2002.0,,2059.1585535974045,8.38814722027282,63.28757675161915,,126.5276291,Ecuador,46.8752,17.1,-0.1439,32131878.0,2998.0,-1079.0,,10.7398714249267
EC,2003.0,,2315.622152230139,8.74010782962713,62.18967607829551,,126.5304519,Ecuador,48.9518,16.6,-0.109,31992784.0,2998.0,-1039.0,67.606105,11.4467916004913
EC,2004.0,,2586.2091466334664,12.5726365426945,58.93292004450803,,125.2753066,Ecuador,52.7095,16.7,-0.1413,3185346.0,2998.0,-0.912,67.06313,11.6892494000713
EC,2005.0,,2909.0260601438827,16.8498380565704,52.11511489107728,,127.5848421,Ecuador,53.5679,16.2,-0.1618,317139.0,2998.0,-0.927,67.31061,12.1302053139198
EC,2006.0,,3243.6701035933856,18.3894115217757,48.1250909572005,,124.4752539,Ecuador,56.0864,14.2,-0.1342,31574103.0,2825.0,-0.902,62.608554,12.6026940967679
EC,2007.0,,3478.9248877067143,16.9001920320212,53.39672376997173,,122.1320698,Ecuador,56.322,15.9,-0.0517,3143407.0,2825.0,-0.836,61.458935,12.7234900015514
EC,2008.0,,4194.757506619805,18.9618727793611,61.8214842280617,,120.2005716,Ecuador,57.9155,15.3,-0.1418,31293803.0,2825.0,-0.76,59.868047,13.0802852680875
EC,2009.0,,4053.36331139298,9.26408283902812,51.71168902272105,,113.4427546,Ecuador,62.0556,12.9,-0.1332,31153297.0,2825.0,-0.478,55.102531,13.5790452337839
EC,2010.0,,4520.30959039763,11.7907315375663,45.49159405433112,,110.6573416,Ecuador,66.0468,11.8,-0.1711,31012553.0,2301.0,-0.484,50.502091,13.8336618204454
EC,2011.0,,5153.691642437503,16.5773760059007,55.79572783263272,,109.8672304,Ecuador,66.6231,13.2,-0.1833,30941793.0,2301.0,-0.301,41.873103,14.4236934504494
EC,2012.0,,5634.083931910944,14.5265186334151,54.87341882960563,,109.0398841,Ecuador,66.9629,13.2,-0.3397,30870903.0,2301.0,-0.292,39.4513,14.8256051780501
EC,2013.0,,6109.290315103414,12.8813253368088,48.98589975066632,,108.2743777,Ecuador,70.2536,11.8,-0.3577,30799878.0,2301.0,-0.186,39.927151,15.149943746897
EC,2014.0,,6405.799793004407,11.5903571785583,49.17983214021229,,97.10924293,Ecuador,72.1948,12.2,-0.3171,30728722.0,2301.0,-0.108,37.600928,15.2271351316024
EC,2015.0,,5976.159680565097,4.63202397853143,52.55868978805395,,100.0,Ecuador,70.9107,13.1,-0.4062,30657434.0,2301.0,-0.194,36.635015,15.4470812988262
EC,2016.0,,5917.63771271481,3.75806780861528,60.21308534397539,,96.81317817,Ecuador,70.1102,14.8,-0.3717,3050978.0,2301.0,-0.153,37.411558,14.8536949613087
EC,2017.0,,6233.322447977176,4.98372023451617,73.69239824492563,,100.2969341,Ecuador,68.6262,17.0,-0.3262,30361894.0,2513.0,-0.143,39.670687,14.4109386432868
EC,2018.0,,6303.918866583376,7.0964207852671,72.57411523337322,,98.67224891,Ecuador,69.315,16.3,-0.1611,30213782.0,2513.0,-0.213,40.893477,13.8454177110981
EC,2019.0,,6205.057652467664,5.82070104913459,78.24132057356995,,97.94831976,Ecuador,69.7536,17.7,-0.1418,30065438.0,2513.0,-0.195,41.82373,12.6634218032377
EC,2020.0,,5463.645153485981,2.92430668533391,79.71569380440349,,100.2396413,Ecuador,63.9626,20.2,-0.1591,29916865.0,2513.0,-0.344,46.579001,11.7578727766026
EC,2021.0,,6061.323501817112,6.69943720189179,80.94837648227478,,99.55768037,Ecuador,68.4667,18.9,-0.0754,29880375.0,2513.0,-0.111,47.761285,10.4434938725134
EC,2022.0,,6515.585284183364,,,,99.38058642,Ecuador,70.8565,,-0.0898,29843798.0,2513.0,0.002,47.40249,9.22490743747004
EC,2023.0,,6737.847483796376,,,,,Ecuador,73.1998,,-0.1242,2980713.0,2738.0,-0.163,49.549616,7.97794426199256
EC,2024.0,,6874.705739766,,,,,,,,,29770377.0,2582.0,-0.22,50.54051,6.71806941068771
EC,2025.0,,,,,,,,,,,29733533.0,2138.0,,,
EC,,,,,,,,,,,,,,,,
GT,1990.0,,847.6885618303594,1.83045512720882,96.53012048192772,,,,,,,11171576.0,2977.0,,,2.11
GT,1991.0,,1014.4027968268234,1.65426431663517,94.902687673772,,,,,,,110547304.0,2977.0,,,2.18
GT,1992.0,,1096.4597699269789,1.52332030398675,65.99854227405247,,91.13228217,,,,,10937306.0,2977.0,,,2.25
GT,1993.0,,1165.674427162245,1.33092443055709,69.74021222100257,,88.28307305,,,,,108193.0,2977.0,,,2.36
GT,1994.0,,1292.672027504829,1.34833878506145,68.59083191850594,,88.89725733,,,,,107007064.0,2977.0,,,2.44
GT,1995.0,,1421.061778097957,1.59672727928084,69.86587183308495,,97.05085218,,,,,105815224.0,2977.0,,,2.78
GT,1996.0,,1481.0598675067172,1.38934546996865,72.33510472022508,,98.08091083,,,,,10461742.0,3281.0,-0.945,,3.19
GT,1997.0,,1638.4628185178874,1.58260940616648,72.48239975512702,,103.2161827,,,,,10341361.0,3211.0,,,3.96
GT,1998.0,,1741.2011418285576,1.20269768494948,55.722621184919205,,118.6559636,,,,,102203764.0,3211.0,-0.728,,4.64
GT,1999.0,,1603.6477614493433,1.42197658489313,57.01331275323172,,122.1340819,,,,,100987814.0,3211.0,,,5.35
GT,2000.0,,1648.9657897155912,1.65531507910442,58.60681216931217,,123.9339527,Guatemala,21.6452,62.7,-0.596,9976573.0,3211.0,-1047.0,65.619812,5.78436143096801
GT,2001.0,,1537.6866357825168,1.51688956267975,47.55374490755249,,125.6711115,Guatemala,22.525,61.3,,98737374.0,3211.0,,,6.31680460426577
GT,2002.0,,1669.335174697054,1.49552331731967,41.0421686746988,,127.1471095,Guatemala,23.6303,63.8,-0.5207,9770728.0,3211.0,-0.926,59.893612,6.90760081212289
GT,2003.0,,1722.547019107736,1.55532613964599,45.13260123541524,,129.6737378,Guatemala,23.5042,64.3,-0.5044,96675456.0,3211.0,-0.946,62.797516,7.5375371971002
GT,2004.0,,1840.9118488399963,1.45629547212597,58.59173059420102,,122.5547895,Guatemala,24.3317,66.1,-0.3091,95641896.0,3211.0,-0.89,64.892345,8.83958354707692
GT,2005.0,,2046.4661165075804,1.55562794751834,59.30711889675736,,109.7782555,Guatemala,25.6291,65.2,-0.2899,94606586.0,3211.0,-0.899,,9.53695279717969
GT,2006.0,,2225.1234753877984,1.93392564321639,54.58584374234632,,112.6101425,Guatemala,26.2443,64.7,-0.0758,9356953.0,3211.0,-0.701,62.947652,10.1360026613884
GT,2007.0,,2458.8157391938444,1.95055907491986,50.514902363823225,,111.0694863,Guatemala,27.3181,63.3,-0.1225,9253072.0,3211.0,-0.673,,10.3551923375554
GT,2008.0,,2763.059881729257,1.93184237870205,54.699587061252586,,111.0331939,Guatemala,26.7725,66.5,-0.153,9149016.0,3211.0,-0.649,,10.3973656877194
GT,2009.0,,2611.6463277335247,1.63784143444565,45.19973471869128,,109.8997445,Guatemala,28.1106,65.3,-0.1793,9044783.0,3211.0,-0.582,,9.94142284844457
GT,2010.0,,2805.259602373216,2.6452084845277,63.49477116833464,,108.1822473,Guatemala,28.2108,67.1,-0.2765,8940373.0,3211.0,-0.607,,10.3351201701063
GT,2011.0,,3168.98370607705,2.86196592041548,59.91147648083624,,106.0076685,Guatemala,28.7971,67.1,-0.3393,8908386.0,3211.0,-0.681,69.689711,10.9946399861656
GT,2012.0,,3286.619593362674,2.18105907544831,63.57178014766202,,104.1863923,Guatemala,29.7714,67.4,-0.2918,88763386.0,3211.0,-0.692,,11.5565460212555
GT,2013.0,,3444.158022758641,2.18983261245163,64.99027088897368,,102.7074612,Guatemala,31.4487,67.2,-0.328,8844232.0,3211.0,-0.645,,12.1076960880235
GT,2014.0,,3689.145104102025,2.98111660499136,65.27378378378378,,102.759302,Guatemala,33.1371,66.2,-0.3166,8812065.0,3211.0,-0.572,71.519486,10.9573277174546
GT,2015.0,,3893.5053329906814,1.78572375354011,60.39779336298323,,100.0,Guatemala,36.2339,63.3,-0.2935,8779837.0,3211.0,-0.653,,10.7618248052201
GT,2016.0,,4060.137847376433,2.01829626064269,60.45955705344247,,100.5967507,Guatemala,37.8414,63.2,-0.2657,87533124.0,3211.0,-0.676,,15.0889065915288
GT,2017.0,,4324.997689156005,1.50289202380162,66.50065520696832,,101.2520052,Guatemala,37.3122,65.0,-0.237,8726747.0,3211.0,-0.698,,14.8551697171734
GT,2018.0,,4352.945932897072,1.19385178218072,63.175097276264594,,102.0072141,Guatemala,39.5869,64.0,-0.3071,87001406.0,3211.0,-0.765,,14.461228498574
GT,2019.0,,4511.998395526965,1.14790981503494,62.801461544027205,,102.6948394,Guatemala,40.9733,62.8,-0.3397,8673492.0,3211.0,-0.778,,11.5413279724983
GT,2020.0,,4477.617850006646,1.35250209053897,68.14690990320179,,103.1808756,Guatemala,39.5449,65.5,-0.3576,86468026.0,3211.0,-0.776,,13.0922650811689
GT,2021.0,,4912.622404146814,1.92928512463796,60.61031167322708,,103.0490167,Guatemala,42.5174,62.1,-0.4357,86255.0,3.03,-0.744,,13.1808008000614
GT,2022.0,,5358.70156997677,,,,103.2152046,Guatemala,41.4873,,-0.475,8604146.0,2962.0,-0.884,,10.744527206233
GT,2023.0,,5758.327608478517,,,,,Guatemala,42.9929,,-0.4897,8582741.0,2817.0,-0.863,73.479735,10.7057398250953
GT,2024.0,,6150.025714385053,,,,,,,,,8561283.0,2845.0,-0.909,,10.774939247898
GT,2025.0,,,,,,,,,,,8539775.0,3125.0,,,
GT,,,,,,,,,,,,,,,,
HN,1990.0,,749.8181135526313,3.21092333246204,98.27511858559724,,,,,,,17599063.0,3328.0,,,1.77
HN,1991.0,,722.0006579311231,2.70781658118094,98.55072463768116,,,,,,,17523703.0,3328.0,,,1.84
HN,1992.0,,782.1115187094318,2.19178076917636,93.55527102005976,,124.973401,,,,,1744797.0,3328.0,,,1.99
HN,1993.0,,772.7422477298596,1.83497670451247,88.13427010148321,,127.770459,,,,,17371862.0,3328.0,,,2.16
HN,1994.0,,735.8861471573887,2.27034903839063,77.81584582441113,,126.8750414,,,,,17295374.0,3328.0,,,2.35
HN,1995.0,,814.0490755690705,2.45297007789003,61.32697947214076,,129.9317926,,,,,17218505.0,3726.0,,,2.8
HN,1996.0,,812.8170476022441,1.96802150042667,66.48190414085425,,129.6230894,,,,,17141253.0,3726.0,-1.18,,3.22
HN,1997.0,,917.2726512009042,2.34343118281433,66.4859693877551,,128.0947152,,,,,17063613.0,3726.0,,,3.85
HN,1998.0,,988.6559869272528,1.85661666214069,56.3103953147877,,128.0827955,,,,,16985583.0,3726.0,-0.963,,4.0
HN,1999.0,,999.0043833289084,1.68761400222431,59.53177257525084,,126.6962453,,,,,1690716.0,3726.0,,,4.36
HN,2000.0,,1092.564007462518,1.37113446146867,62.27747402952433,,116.4663565,Honduras,10.9713,55.2,-0.4718,16828342.0,3726.0,-1078.0,,4.54124823097422
HN,2001.0,,1132.1648753328989,1.43828418297597,48.92829803521306,,115.2731607,Honduras,12.0638,50.4,,16751589.0,3726.0,,,4.5827511215238
HN,2002.0,,1132.4996534531656,1.37053917605775,39.25832127351664,,115.0056288,Honduras,13.289,49.8,-0.4755,16674708.0,3726.0,-1025.0,,4.64769495964682
HN,2003.0,,1156.0816268135652,1.21682443039075,38.35051098064797,,114.0692669,Honduras,14.8471,47.9,-0.3933,16597697.0,3726.0,-1074.0,,4.69714840671293
HN,2004.0,,1215.1399541276094,1.17065229457115,29.307754606195584,,110.8245465,Honduras,15.9352,46.7,-0.3302,16520555.0,3219.0,-0.745,,5.30640249875531
HN,2005.0,,1304.7003915382616,1.19616286119396,32.33237410071943,,110.187502,Honduras,15.0826,51.4,-0.2859,16443285.0,3658.0,-0.697,64.456611,6.60145178986555
HN,2006.0,,1425.8478005189231,1.9388652088634,36.26176176176176,,109.5860235,Honduras,16.2338,52.2,-0.1797,16365884.0,3658.0,-0.716,61.588348,9.33945004931543
HN,2007.0,,1577.7378919740734,1.66136160268053,37.55072692793932,,109.3078964,Honduras,17.495,50.6,-0.251,16288352.0,3658.0,-0.613,61.714161,10.4820188089087
HN,2008.0,,1732.4906270280264,1.20679031927745,38.43061472915399,,108.3411695,Honduras,17.8039,50.0,-0.3634,16210689.0,3658.0,-0.687,63.85614,10.3058974585861
HN,2009.0,,1781.1570361467352,1.16441147896911,43.30159643319431,,107.4021588,Honduras,17.8018,50.5,-0.5572,16132893.0,3658.0,-0.647,63.66999,8.74656696010537
HN,2010.0,,1893.3272266203455,2.36463288147641,46.33706115515289,,103.2527647,Honduras,17.8642,53.6,-0.5698,16054967.0,3351.0,-0.625,61.250624,8.04935238118462
HN,2011.0,,2073.661210880738,1.7044807548954,44.65371024734983,,101.475399,Honduras,19.1192,50.9,-0.5201,15966202.0,3351.0,-0.604,64.643738,7.19249493857738
HN,2012.0,,2126.034746865032,1.63060548730794,45.24427873489329,,99.90331766,Honduras,19.7832,49.3,-0.5092,1587727.0,3351.0,-0.688,65.236304,7.00517126873019
HN,2013.0,,2081.128435279448,1.78208817924239,42.58739537173806,,100.0423813,Honduras,20.1678,51.1,-0.5024,15788175.0,3351.0,-0.805,63.335551,6.96451387840497
HN,2014.0,,2179.8817197727058,2.2661279184441,40.60830717218064,,99.93898874,Honduras,20.1338,52.2,-0.5609,15698911.0,3351.0,-0.601,61.486189,5.81851375276643
HN,2015.0,,2271.2026598034863,1.56846231223826,45.916436387752846,,100.0,Honduras,21.1974,50.8,-0.6032,15609482.0,3351.0,-0.556,64.375778,5.38113659774144
HN,2016.0,,2307.3446835108152,2.01566335667541,52.11397019406026,,100.6106443,Honduras,20.2606,52.7,-0.6578,15423137.0,3351.0,-0.431,64.933063,4.70581298247627
HN,2017.0,,2413.007656294202,1.72906722467945,61.23117765742806,,99.51800049,Honduras,19.7636,45.6,-0.7103,15236503.0,3351.0,-0.419,65.881674,5.12202735526203
HN,2018.0,,2464.642415319176,1.07184110988038,66.76427765815647,,99.53513012,Honduras,19.6329,48.9,-0.7685,1504958.0,3351.0,-0.527,67.288609,5.44795247618843
HN,2019.0,,2502.327443280727,0.916855208806467,57.20439395361938,,100.1656403,Honduras,21.0585,46.2,-0.8094,14862365.0,2755.0,-0.513,66.419529,4.92881223593027
HN,2020.0,,2307.6149431951144,1.23326098347167,57.48458193318837,,100.5258817,Honduras,20.4058,50.2,-0.7832,1467486.0,3338.0,-0.583,,5.25476202710768
HN,2021.0,,2735.1475150397705,1.22455313744521,64.62095323741008,,97.39611303,Honduras,21.739,45.9,-0.7454,145718.0,3338.0,-0.667,,4.52406768321915
HN,2022.0,,3003.289968263993,,,,97.51813117,Honduras,22.2038,,-0.6395,14468493.0,3.6,-0.686,,3.95585878726345
HN,2023.0,,3227.457625097757,,,,,Honduras,23.7822,,-0.6088,14364934.0,3.6,-0.658,,4.16936789439326
HN,2024.0,,3426.4348332892264,,,,,,,,,14261127.0,3311.0,-0.62,,4.24748397401998
HN,2025.0,,,,,,,,,,,14157069.0,3682.0,,,
HN,,,,,,,,,,,,,,,,
HT,1990.0,,451.7202496892161,0.758980650078628,79.39698492462311,,,,,,,8499994.0,2908.0,,,0.657
HT,1991.0,,496.54598743386447,0.7545789249722,74.57264957264957,,,,,,,8555594.0,2908.0,,,0.643
HT,1992.0,,316.2765131343539,1.16755024661594,75.88652482269504,,95.04204342,,,,,86114695.0,2.77,,,0.631
HT,1993.0,,258.0663722588169,1.25091936869488,75.27472527472527,,95.0966449,,,,,8667622.0,2.77,,,0.618
HT,1994.0,,292.134224374091,1.18848565185335,82.91814946619218,,95.78546846,,,,,8724053.0,2.77,,,0.674
HT,1995.0,,372.0061046651246,1.22519462633385,51.11111111111111,,95.56244095,,,,,8780765.0,2.77,,,0.793
HT,1996.0,,377.22946502597233,0.942847807917707,44.95867768595041,,95.47805288,,,,,8837762.0,2914.0,-1354.0,,0.778
HT,1997.0,,425.1110858792564,0.993751372688353,33.057851239669425,,98.21003926,,,,,8895044.0,2914.0,,,0.764
HT,1998.0,,465.36330625905066,0.778424833674881,46.15384615384615,,98.30341676,,,,,8952614.0,2914.0,-1.36,,0.812
HT,1999.0,,509.57858527537496,0.619396171409139,58.02292263610315,,97.09812991,,,,,9010473.0,2914.0,,,0.859
HT,2000.0,,820.6000467614642,0.349449568493596,51.73674588665448,,96.97818082,Haití,9.648,80.8,-0.9124,9068625.0,2944.0,-1358.0,,0.873162489758406
HT,2001.0,,748.821159844528,0.383295015006936,47.64309764309764,,98.34471807,Haití,9.7465,80.9,,9066799.0,2944.0,,,0.946082968165018
HT,2002.0,,720.9695680425219,0.396885022338016,47.53199268738574,,98.24846796,Haití,10.0576,79.1,-1.1636,9064971.0,2944.0,-1838.0,,1.51028603539576
HT,2003.0,,578.9952910797085,0.518316847636601,47.66355140186916,,98.35513329,Haití,10.1283,79.0,-1.06,9063139.0,2944.0,-1836.0,,1.59818957085414
HT,2004.0,,683.1852981552732,0.415056574952732,47.53199268738574,,98.46467128,Haití,10.073,81.1,-1.1064,9061304.0,2847.0,-1898.0,,1.57122185955678
HT,2005.0,,775.8457040569159,0.353534370526786,47.66187050359712,,101.1438545,Haití,10.2609,81.1,-0.9481,90594655.0,2847.0,-1656.0,,1.60352745138569
HT,2006.0,,828.8057002895894,0.474483984535321,47.54385964912281,,101.4092702,Haití,10.417,81.4,-0.7813,9057624.0,2847.0,-1659.0,,1.62750491994737
HT,2007.0,,984.5669834485212,0.403575652806683,32.9059829059829,,101.3931088,Haití,10.9483,79.3,-0.6967,905578.0,2888.0,-1658.0,,1.15583675155463
HT,2008.0,,1094.6605842164367,0.399712731958641,37.24279835390946,,101.5284934,Haití,11.0612,79.6,-0.5889,90539325.0,2888.0,-1436.0,,1.13317134578996
HT,2009.0,,1196.8528706017953,0.337463725935536,28.71012482662968,,100.5785765,Haití,11.2224,80.3,-0.6609,9052082.0,2888.0,-1442.0,,1.10427891567241
HT,2010.0,,1209.727335030943,0.665741356287765,25.68162083936324,,102.8124513,Haití,11.885,79.0,-0.7491,9050229.0,2888.0,-1568.0,,0.510032648209877
HT,2011.0,,1312.0395355201322,0.530247287448995,12.356636271529888,,101.400314,Haití,12.4396,79.0,-0.7595,89829.0,2888.0,-1619.0,,0.5042913173945
HT,2012.0,,1361.3939658737431,0.493447395435744,20.23069936421435,,100.8921068,Haití,12.4418,82.2,-0.7106,8915445.0,2888.0,-1.6,,0.496535621316513
HT,2013.0,,1457.8322117962648,0.586507266755589,13.561553030303031,,98.80118831,Haití,12.7205,80.4,-0.7335,8847864.0,2888.0,-1524.0,,0.401081472168565
HT,2014.0,,1460.1889861391446,0.699288591917661,8.947775628626692,,99.80642826,Haití,13.0259,77.8,-0.7323,8780157.0,2888.0,-1.93,,0.395247962665456
HT,2015.0,,1411.1268474679646,0.574767533630933,8.277189605389799,,100.0,Haití,13.3702,76.1,-0.882,8712324.0,2888.0,-1869.0,,0.0540897947609682
HT,2016.0,,1318.402681679532,0.790216838420377,6.857142857142858,,100.0905036,Haití,13.6687,76.1,-0.8411,8722907.0,2888.0,-1883.0,,0.0533385459923607
HT,2017.0,,1395.2394518446108,0.657342723836906,12.37582625118036,,103.804383,Haití,13.6925,76.2,-0.7825,8733506.0,2888.0,-1.89,,0.0547433413627265
HT,2018.0,,1496.3804897015589,0.44034486815939,19.211630123927552,,104.8968906,Haití,13.9406,76.2,-0.7806,8744122.0,2888.0,-1752.0,,0.054021204554274
HT,2019.0,,1352.1720419153248,0.443318678876138,19.12429906542056,,103.1449997,Haití,13.8248,76.4,-0.836,8754754.0,2888.0,-1889.0,,0.053596691917084
HT,2020.0,,1290.3253866738314,0.577844130610775,20.398803589232305,,103.1837869,Haití,13.5144,76.3,-0.871,8765403.0,2807.0,-1916.0,,0.0533625143278351
HT,2021.0,,1841.3318933722196,0.327641965983974,20.54162487462387,,103.3558523,Haití,13.4634,76.7,-1.0935,88096.0,2.88,-2.06,,0.0527491725852703
HT,2022.0,,1760.626356687774,,,,103.4653724,Haití,13.4805,,-1.2194,8853904.0,2.88,-2013.0,,0.0117963010902842
HT,2023.0,,1705.7580846099909,,,,,Haití,13.6153,,-1.2231,8898314.0,2798.0,-2011.0,,
HT,2024.0,,2142.623305267883,,,,,,,,,8942832.0,2798.0,-2016.0,,
HT,2025.0,,,,,,,,,,,89874575.0,2865.0,,,
HT,,,,,,,,,,,,,,,,
MX,1990.0,,3154.46920349038,7.85316996477492,24.693319060403844,,,,,,,16531229.0,2867.0,,,6.47
MX,1991.0,,3708.842054815697,3.7204122843979,22.38893037147657,,,,,,,16521021.0,2867.0,,,7.14
MX,1992.0,,4220.566436770572,3.37676484568823,25.655557562620423,,96.10357645,,,,,16510762.0,2867.0,,50.829248,7.85
MX,1993.0,,6048.348403880993,2.32169144860141,25.39635741820406,,96.32405205,,,,,16500453.0,2867.0,,,8.69
MX,1994.0,,6202.365883728625,2.17600409935639,19.021824088737247,,96.19062462,,,,,16490092.0,2867.0,,,9.51
MX,1995.0,,4183.878477274793,3.70622014950634,23.650228574431196,,96.30624905,,,,,16479679.0,2867.0,,,9.69
MX,1996.0,,4674.367927336813,4.11473850462351,24.664692341351124,,96.39142295,,,,,16469215.0,2867.0,-0.414,51.610299,9.55
MX,1997.0,,5567.355995166675,3.18057074248256,19.9572519448574,,96.58992346,,,,,16458697.0,2867.0,,,9.84
MX,1998.0,,5832.693420044676,1.74627703760617,17.586558715113217,,97.01896232,,,,,16448128.0,2867.0,0.038,52.627104,10.4
MX,1999.0,,6499.971829504254,2.3736230088796,20.907524411257896,,98.58370643,,,,,16437505.0,2867.0,,,11.3
MX,2000.0,,7524.027138009098,3.5781826113811,19.79515740853288,,98.74038435,México,566.2514,12.2,0.1644,16426828.0,3096.0,0.018,49.445685,12.5035305252335
MX,2001.0,,7952.76479510706,2.60164301698472,17.09735125334131,,99.27861678,México,562.6429,11.3,,16406667.0,3375.0,,,13.7605094727176
MX,2002.0,,7983.033983817592,2.74840903518892,15.046237529843598,,99.46901143,México,568.8383,10.7,0.2943,16386471.0,3375.0,-0.315,53.896259,14.7467138501059
MX,2003.0,,7434.0746485155005,3.35934793986578,12.119893995775072,,101.3779374,México,593.0632,10.2,0.3394,16366242.0,3375.0,-0.27,,15.8577408112751
MX,2004.0,,7849.667596495654,4.19499035807608,14.442451690567085,,99.48603063,México,602.6555,10.2,0.4315,16345978.0,3375.0,-0.243,50.189428,17.3125038992853
MX,2005.0,,8671.758918851627,5.58648727639514,15.195451572768455,,99.70786949,México,624.6792,10.3,0.4328,1632568.0,3375.0,-0.13,49.175962,18.4403616453651
MX,2006.0,,9512.635753466991,6.1411361184755,15.332108874674653,,99.87238053,México,646.2762,9.8,0.3268,16305349.0,3375.0,-0.085,52.865717,18.5180607253089
MX,2007.0,,10134.332713811857,5.75685331700591,14.08873567031451,,100.0082565,México,656.9822,9.5,0.2914,16284982.0,3375.0,-0.16,,18.3847581360166
MX,2008.0,,10523.768540324383,6.7408329915323,17.537439568681908,,100.1041404,México,663.538,9.8,0.2667,16264582.0,3375.0,0.007,44.597085,18.5654017537128
MX,2009.0,,8423.569332147112,4.17264386033762,12.947074355842886,,100.2440666,México,649.9757,9.2,0.3466,16244146.0,3375.0,0.104,,17.4157335624077
MX,2010.0,,9728.800783770816,4.9517973655552,16.60202441051474,,100.1506024,México,665.5725,9.4,0.303,16223676.0,3375.0,-0.07,44.593249,17.5303293378563
MX,2011.0,,10664.49440323125,7.12685649981166,14.888217632428184,,100.0497724,México,677.1026,9.1,0.151,1620962.0,3525.0,0.099,,17.3517806261774
MX,2012.0,,10744.133524268636,6.64761771453207,13.785438779794744,,100.1922741,México,692.8752,9.0,0.1613,16195539.0,3525.0,0.198,47.362375,17.6237937154455
MX,2013.0,,11216.800850542808,5.63992841356242,13.297415286302869,,100.7577634,México,684.5599,9.2,0.1404,16181431.0,3525.0,0.223,,15.7114818563066
MX,2014.0,,11391.3773497683,4.74356172979305,17.53216139571137,,100.0951101,México,673.0473,9.8,0.0592,16167297.0,3525.0,0.131,45.20477,15.4942659787332
MX,2015.0,,10021.238611882723,2.18360553071428,15.26460754247024,,100.0,México,682.1479,9.2,-0.0649,16153136.0,3525.0,0.1,,16.6602203810341
MX,2016.0,,9097.923976747688,1.97524669608099,15.295700470710315,,100.2178275,México,691.4909,9.2,-0.0999,16135079.0,3525.0,0.128,45.875646,17.030546353635
MX,2017.0,,9649.278167724024,2.36148896456378,15.960995253047198,,99.42707719,México,695.7528,10.1,-0.1418,16116992.0,3525.0,0.01,,16.8173844522616
MX,2018.0,,10084.793756202112,2.8911069990433,15.907939491331971,,99.25812638,México,675.0515,10.3,-0.0473,16098877.0,3376.0,-0.027,45.925763,17.3769191157836
MX,2019.0,,10369.555358527135,2.09126302062882,16.877136126901597,,99.31977717,México,692.1334,10.3,-0.0639,16080735.0,3376.0,-0.009,,18.0324866978743
MX,2020.0,,8841.270750398684,1.55983378352436,20.752885421757256,,99.54422033,México,640.1272,12.3,-0.0916,16062565.0,3212.0,-0.046,46.140148,19.3222703380737
MX,2021.0,,10314.050672211482,3.64307338835023,23.37622979595448,,99.53924035,México,656.289,13.0,-0.1737,16051177.0,3212.0,-0.046,,19.5782440964204
MX,2022.0,,11405.79404737593,,,,98.51216347,México,660.2856,,-0.2405,16039762.0,2928.0,-0.087,44.868594,20.6175222391974
MX,2023.0,,13860.95978093256,,,,,México,685.6512,,-0.2518,1602832.0,2878.0,-0.075,,22.188902786539
MX,2024.0,,14185.781224852855,,,,,,,,,1601685.0,2796.0,-0.22,,22.5576706741986
MX,2025.0,,,,,,,,,,,16005353.0,2874.0,,,
MX,,,,,,,,,,,,,,,,
NI,1990.0,,242.50839060082217,6.71830601093931,61.35895676046671,,,,,,,1634361.0,2923.0,,,1.11
NI,1991.0,,349.514318640612,5.33038411064474,60.252156602521566,,,,,,,16154724.0,2923.0,,,1.13
NI,1992.0,,411.4733306617863,3.99413843808385,50.94569859670531,,95.57441775,,,,,15964904.0,2923.0,,,1.25
NI,1993.0,,394.3780740210711,3.2712641713304,57.0028818443804,,95.56256276,,,,,15774143.0,2923.0,,65.599387,1.5
NI,1994.0,,849.1793313648951,1.62282645767437,48.45360824742268,,95.26724595,,,,,15582432.0,2923.0,,,1.87
NI,1995.0,,891.7793523099956,1.99078483904908,45.44474393530997,,98.96382207,,,,,15389766.0,2923.0,,,2.08
NI,1996.0,,910.8616459172948,1.55099338059432,43.50225790265931,,98.99878686,,,,,15196137.0,2923.0,-1209.0,,2.36
NI,1997.0,,912.7574297885328,1.89151852264118,41.76039119804401,,100.5688638,,,,,15001537.0,2923.0,,,2.55
NI,1998.0,,949.1553734947704,1.5777578844684,27.846425419240955,,101.8774041,,,,,1480596.0,2923.0,-1212.0,65.698856,2.89
NI,1999.0,,980.2197446752456,1.42120426128236,27.37765466297322,,103.3328224,,,,,14609398.0,2923.0,,,3.03
NI,2000.0,,1017.312443488204,1.3540087539637,17.643555933645256,,104.5108123,Nicaragua,11.7961,58.4,-0.2666,14411844.0,2492.0,-1331.0,,3.27485603666443
NI,2001.0,,1051.8742358909956,1.14847900083655,17.884920634920633,,104.5011199,Nicaragua,12.0446,56.7,,14189328.0,2492.0,,64.229859,3.1005979961968
NI,2002.0,,1014.3339042590968,1.14157988958926,24.609541984732825,,104.6418693,Nicaragua,12.3197,54.7,-0.223,13966438.0,2492.0,-1338.0,,3.33271908299739
NI,2003.0,,1021.3521666879384,1.12766211906764,27.073953823953826,,105.263668,Nicaragua,13.0555,51.5,0.0141,13743173.0,2492.0,-1.32,,3.93409049344622
NI,2004.0,,1098.6211866233516,1.29185557609837,27.724503764544835,,105.5865782,Nicaragua,13.0001,51.2,0.0503,13519531.0,2492.0,-1068.0,,4.06758163231247
NI,2005.0,,1183.3021401017506,1.11397978053442,34.61127499180596,,104.8648735,Nicaragua,13.0271,52.8,-0.0773,13295512.0,2492.0,-0.991,64.640936,4.13449379972876
NI,2006.0,,1248.1737157778794,1.57912337410457,30.051691129546903,,104.209524,Nicaragua,13.6327,53.3,-0.1445,13071115.0,2.41,-0.885,,4.57406592352074
NI,2007.0,,1350.3814575337665,1.54258856099957,29.004675810473817,,103.8794007,Nicaragua,13.9005,52.6,-0.1607,12846339.0,1858.0,-0.875,,4.52954326377786
NI,2008.0,,1523.6843708640893,1.4819143624518,35.537637607854805,,102.7483009,Nicaragua,13.7561,53.8,-0.3531,12621182.0,1858.0,-0.907,,4.56260659510206
NI,2009.0,,1467.0828805284489,1.31162414000297,30.924123950188243,,101.852055,Nicaragua,13.8209,54.6,-0.3865,12395644.0,1858.0,-0.838,,4.50245651054405
NI,2010.0,,1526.567069514084,4.15315104137442,36.98551516807871,,101.2369658,Nicaragua,14.2022,54.4,-0.3934,12169724.0,1646.0,-0.816,,4.50243575107408
NI,2011.0,,1679.7119208463296,5.12065108678162,33.985882352941175,,100.6136755,Nicaragua,15.1715,53.3,-0.5055,12128367.0,1646.0,-0.801,,4.94269598255798
NI,2012.0,,1784.6983601755485,4.62546930334416,42.723145621433886,,100.4549485,Nicaragua,15.632,53.3,-0.6345,12086934.0,1646.0,-0.754,,5.06877567554332
NI,2013.0,,1835.439963637147,4.95048345059701,52.33589435774309,,100.5347237,Nicaragua,15.7511,54.3,-0.5906,12045422.0,1567.0,-0.735,,5.4308057778903
NI,2014.0,,1958.370475795471,4.2211834678271,54.534188034188034,,99.98598921,Nicaragua,16.4768,53.0,-0.6205,12003834.0,1567.0,-0.761,,5.59844140567564
NI,2015.0,,2074.4562063473063,2.10539835608013,50.1023793931456,,100.0,Nicaragua,17.6959,50.0,-0.7263,11962167.0,1567.0,-0.755,,5.7569197210077
NI,2016.0,,2131.6870482832232,3.11297731611032,52.7704203877151,,100.3468418,Nicaragua,17.9356,49.5,-0.8657,11918512.0,1567.0,-0.786,,5.88249073510437
NI,2017.0,,2182.61380995674,2.7029582269273,56.05171270718232,,100.6092021,Nicaragua,17.9711,48.9,-0.8527,1187479.0,1567.0,-0.498,,5.95063733419503
NI,2018.0,,2035.165493905072,2.02687465495511,58.95143962183068,,100.6599004,Nicaragua,17.4443,51.3,-1.1654,11831.0,1284.0,-0.771,,5.09088948888139
NI,2019.0,,1958.6205152809537,1.28485958829485,57.14888500218627,,100.6584872,Nicaragua,17.9072,50.5,-1.1898,11787142.0,1051.0,-0.744,,3.52859505060184
NI,2020.0,,1938.4470475438156,1.65812864181366,70.21867581113163,,101.0206744,Nicaragua,17.8227,52.2,-1.1905,117432155.0,1.15,-0.798,,3.41378347598049
NI,2021.0,,2138.385884694495,3.84080893833151,69.50937574175173,,99.07632537,Nicaragua,18.441,50.4,-1.3557,11704159.0,1012.0,-0.755,,3.12392913433345
NI,2022.0,,2322.8905396458317,,,,99.0897455,Nicaragua,18.7064,,-1.4677,116650075.0,0.409,-0.921,,3.20517144396369
NI,2023.0,,2609.444920729308,,,,,Nicaragua,18.961,,-1.5354,11625762.0,0.476,-0.937,,3.43400189899398
NI,2024.0,,2847.53966339498,,,,,,,,,11586422.0,0.285,-1053.0,,3.5400093115524
NI,2025.0,,,,,,,,,,,115469866.0,0.285,,,
NI,,,,,,,,,,,,,,,,
PA,1990.0,,2620.1382726627444,0.270038517781232,85.26869597895528,,,,,,,1141016.0,3345.0,,,8.8
PA,1991.0,,2820.545476654181,0.270515828891458,74.40860215053763,,,,,,,114001825.0,3129.0,,45.776005,9.15
PA,1992.0,,3139.899528995805,0.241444412443813,66.72407853944196,,96.51110298,,,,,113901556.0,3129.0,,,9.48
PA,1993.0,,3358.4141174005267,0.186976705700625,74.26120114394662,,96.54041213,,,,,11380079.0,3129.0,,,10.0
PA,1994.0,,3508.195700692177,0.190573130158881,71.97262719428743,,95.8428545,,,,,11369952.0,3129.0,,,10.8
PA,1995.0,,3513.8973785463104,0.243858603386048,69.13895993179881,,97.86055877,,,,,11359774.0,3129.0,,44.759976,11.2
PA,1996.0,,3308.184303905282,0.174799664199064,79.0010460251046,,97.95311286,,,,,11349546.0,3129.0,-0.36,,11.7
PA,1997.0,,3545.976703924532,0.200201312008784,72.17970871389781,,98.79454595,,,,,113392666.0,3129.0,,44.578326,12.9
PA,1998.0,,3807.8386880770126,0.150609219935685,51.610594130279175,,99.80766803,,,,,113289356.0,3129.0,0.172,44.680198,14.5
PA,1999.0,,3950.341442366139,0.138366747024726,68.86462882096069,,101.3384527,,,,,11318552.0,3129.0,,44.639701,15.7
PA,2000.0,,3975.093102755443,0.137185387867812,74.37466748516472,,102.6709081,Panamá,9.6956,27.7,0.4699,113081165.0,3129.0,-0.055,44.552593,14.2552291762239
PA,2001.0,,3991.7767209465455,0.124076228094074,52.77185792349727,,100.6808172,Panamá,11.1958,24.0,,11290657.0,3129.0,,48.628276,12.4420067260958
PA,2002.0,,4090.586164560816,0.123117307933687,67.40865293784243,,100.7210059,Panamá,10.4771,28.7,0.5019,11273167.0,3129.0,-0.199,50.213661,12.3637414103403
PA,2003.0,,4264.66428949623,0.143856414123735,54.10993543758968,,100.7190519,Panamá,10.5661,27.4,0.4901,11255648.0,3129.0,-0.241,50.160766,11.9574946070405
PA,2004.0,,4644.565811775815,0.160147634592891,69.2858878666898,,101.0189826,Panamá,10.5722,28.2,0.5769,112381.0,3129.0,-0.135,48.026969,13.066464071999
PA,2005.0,,5017.741104148322,0.0987195742549029,67.40861506778788,,101.1097077,Panamá,12.388,22.8,0.6093,112205215.0,3129.0,-0.116,48.927327,14.2000998482958
PA,2006.0,,5528.767058549005,0.127267314799788,63.17281683085657,,100.0117237,Panamá,12.839,22.1,0.6911,11202914.0,3129.0,-0.042,48.374781,14.4682822996222
PA,2007.0,,6317.817305146605,0.117743566419889,60.40706319702602,,98.51793233,Panamá,12.78,22.8,0.6697,111852765.0,3129.0,0.061,45.69747,14.4073146394608
PA,2008.0,,7347.590490468393,0.109519193886937,65.08498054474708,,97.7840968,Panamá,12.7725,23.4,0.6687,11167609.0,3129.0,0.029,44.795928,14.9686286653214
PA,2009.0,,7796.926183634326,0.14470191986794,59.18351409978308,,96.42304835,Panamá,14.2637,20.4,0.7159,11149912.0,3129.0,0.097,45.356223,15.047661852086
PA,2010.0,,8331.464222599672,0.234720390623527,59.715969118244615,,96.34807585,Panamá,14.8451,20.6,0.635,11132185.0,3129.0,0.122,43.818466,14.8632161464613
PA,2011.0,,9662.295909119792,0.269868830701767,55.1530299156226,,95.85092317,Panamá,15.9111,19.7,0.5967,11127373.0,3129.0,0.125,40.667647,15.1667318712172
PA,2012.0,,11064.806366200306,0.260441253310238,65.1877252121353,,97.05833504,Panamá,16.3697,21.2,0.4231,111225516.0,3129.0,0.232,41.688728,15.1593826012381
PA,2013.0,,12273.32249837878,0.216897753935313,60.79962045099353,,98.16635164,Panamá,16.2545,20.7,0.3683,11117721.0,3129.0,0.214,42.272197,15.0844018906609
PA,2014.0,,13213.198959113728,0.231601530644453,58.34758264240336,,98.63640628,Panamá,16.6119,19.8,0.4491,11112882.0,3129.0,0.226,41.921122,15.1177217651854
PA,2015.0,,14082.65484349964,0.138690460109424,67.75900922778048,,100.0,Panamá,16.3886,22.0,0.5023,11108034.0,3129.0,0.321,42.316044,15.6674372827513
PA,2016.0,,14832.36116524589,0.131004580785833,68.92421458754363,,101.4897496,Panamá,16.5722,22.1,0.4887,11109431.0,3129.0,0.397,42.93927,16.2025829183095
PA,2017.0,,15694.629751849472,0.124276365709136,74.15033508422387,,103.0907338,Panamá,16.088,23.6,0.4646,1111083.0,3129.0,0.343,42.807449,16.165781062174
PA,2018.0,,16151.327343348576,0.0994393790926708,80.42265464607694,,104.6464824,Panamá,16.032,24.5,0.4994,11112231.0,3129.0,0.326,45.135975,17.4760908475813
PA,2019.0,,16477.906626811135,0.31611229608813,54.93835851648352,,106.268117,Panamá,19.3191,19.0,0.5255,11113635.0,3129.0,0.497,46.699109,15.329444824899
PA,2020.0,,13290.560839774873,0.535097865738947,78.44740212221004,,107.6632322,Panamá,15.9737,28.5,0.5177,11115041.0,3129.0,0.231,,18.8414820342858
PA,2021.0,,15509.80691241387,3.6647948599442,79.278975629905,,107.6477427,Panamá,17.1823,28.0,0.4668,11121167.0,3129.0,0.21,,20.1663136117347
PA,2022.0,,17378.607001755714,,,,107.7032881,Panamá,18.0636,,0.4472,11127309.0,3129.0,0.04,,19.1569072069839
PA,2023.0,,18797.193399404456,,,,,Panamá,19.4931,,0.4467,11133465.0,3129.0,0.031,,17.3604359419291
PA,2024.0,,19161.218850159614,,,,,,,,,111396365.0,3129.0,0.245,,
PA,2025.0,,,,,,,,,,,111458234.0,3747.0,,,
PA,,,,,,,,,,,,,,,,
PE,1990.0,,1199.6666675661506,9.33591696551231,76.80330243337195,,,,,,,1773623.0,2204.0,,,2.56
PE,1991.0,,1527.3887947286555,3.44013922413401,80.27206186990747,,,,,,,17710923.0,2204.0,,,2.4
PE,1992.0,,1567.4091076512836,2.84163070262317,74.85139460448103,,105.1352885,,,,,1768549.0,1935.0,,,2.67
PE,1993.0,,1487.6740431417534,2.26467553978964,80.41599135602378,,105.9799994,,,,,17659931.0,1935.0,,,2.87
PE,1994.0,,1879.366577579185,3.01892940642677,81.09164250598765,,105.816647,,,,,17634245.0,1935.0,,,3.23
PE,1995.0,,2189.5343151531138,3.19428115750427,80.29608523290386,,107.1540202,,,,,17608432.0,1935.0,,,4.56
PE,1996.0,,2226.916824292651,2.80473952192198,77.92959703566466,,106.8492977,,,,,17582489.0,1935.0,-0.455,,5.78
PE,1997.0,,2300.6720077446143,2.59268217140284,74.42469493508665,,106.6423542,,,,,17556416.0,1935.0,,64.86306,6.51
PE,1998.0,,2156.3937765161345,1.33224077596512,74.99327052489906,,106.9339488,,,,,17530212.0,1935.0,-0.231,67.813698,6.04
PE,1999.0,,1916.5339736790752,2.05435185498836,77.06932773109244,,110.0839234,,,,,17503877.0,1935.0,,69.603705,6.45
PE,2000.0,,1945.4133845169831,3.00673261080851,85.94044795783927,,111.0475906,Perú,56.5293,38.6,-0.6604,17477407.0,2204.0,-0.485,69.135641,6.45573212845573
PE,2001.0,,1929.5727303884632,1.87027989928496,88.54846123101518,,110.5477746,Perú,53.7328,41.2,,17421385.0,2902.0,,67.766138,5.82599386506776
PE,2002.0,,2007.3701962675275,2.00486620297994,86.33701736078172,,109.5227414,Perú,55.356,40.2,0.249,1736527.0,2902.0,-0.647,67.207316,6.070840025935
PE,2003.0,,2129.4411419763424,3.0037165322875,85.25901445047181,,108.1824222,Perú,55.3906,40.9,0.2093,17309059.0,2902.0,-0.878,69.639306,6.66835505823138
PE,2004.0,,2397.2514727771386,6.234603660457,77.35179024774578,,112.7988421,Perú,59.3493,37.8,0.0811,17252753.0,2902.0,-0.766,67.663555,7.87585823592328
PE,2005.0,,2706.669472976084,7.82322862890974,72.52383804504073,,111.3637143,Perú,60.1948,38.4,0.1622,17196352.0,3301.0,-0.726,67.205699,8.54991142720697
PE,2006.0,,3129.5599649698206,13.4308080436867,73.91802543006732,,110.3712772,Perú,59.7671,38.7,0.2213,17139857.0,3301.0,-0.668,65.793103,9.03540331933944
PE,2007.0,,3581.089308191696,14.213314090691,66.1279865771812,,109.3056326,Perú,62.9142,36.0,0.2291,17083266.0,3568.0,-0.649,63.940973,9.96929307620539
PE,2008.0,,4197.584446341415,12.0258973772881,60.23324052929584,,108.653468,Perú,68.0389,33.7,0.2937,17026578.0,3568.0,-0.612,63.858514,10.7086723404169
PE,2009.0,,4181.187554622527,8.9210124490135,62.15033366287691,,107.8231218,Perú,71.5696,32.9,0.2285,16969796.0,3568.0,-0.401,63.1832,12.2802789553491
PE,2010.0,,5072.114940196154,11.2141792512141,57.4201545122676,,107.134544,Perú,75.8019,32.2,0.265,16912917.0,3568.0,-0.198,62.969926,10.8639274422533
PE,2011.0,,5861.3579364524485,12.7665949125059,55.84771106510237,,106.7079442,Perú,79.6554,30.6,0.3102,16857365.0,3568.0,-0.163,63.247562,11.0921186895234
PE,2012.0,,6519.378529815272,9.99927931288698,56.8825842555015,,106.2292807,Perú,79.815,30.8,0.306,1680171.0,3568.0,-0.11,61.734356,11.558158027552
PE,2013.0,,6746.800256966015,7.65420483078558,52.67379324537534,,104.0564995,Perú,81.89,28.4,0.2042,16745951.0,3568.0,-0.105,61.915535,10.7515685450752
PE,2014.0,,6667.134103608605,5.66292821656372,50.32788484467472,,102.0259261,Perú,84.8165,28.6,0.2195,16690089.0,3452.0,-0.199,62.33471,10.0696424531075
PE,2015.0,,6231.711503388939,3.91148648466656,50.99021258026307,,100.0,Perú,86.7675,27.4,0.2728,16634121.0,3452.0,-0.249,62.609613,9.55917406492961
PE,2016.0,,6217.03599995447,4.40523816648386,49.29590889280504,,98.21572157,Perú,89.1612,27.2,0.2654,16604029.0,3191.0,-0.171,62.858361,9.96052224136632
PE,2017.0,,6736.16693725487,5.8962563954339,57.22765645583242,,96.84283,Perú,87.2031,27.6,0.3135,16573892.0,3191.0,-0.073,63.487849,9.83901585196342
PE,2018.0,,6978.491215486268,5.95602611154103,60.93005058776432,,96.20206139,Perú,87.2921,27.9,0.359,16543707.0,3241.0,-0.161,63.809731,9.05584259923886
PE,2019.0,,7037.008036926039,2.49912146958912,60.13590733590733,,94.49185331,Perú,91.2634,27.1,0.3432,16513475.0,3241.0,0.048,63.621453,7.60112474526803
PE,2020.0,,6133.325524101831,3.97961448773443,64.28993316704431,,95.04670904,Perú,80.1418,31.6,0.3642,16483196.0,3538.0,-0.106,68.012058,6.72649081435588
PE,2021.0,,6826.20255614477,12.7247082349187,61.77945280005616,,96.04886533,Perú,93.5085,30.6,0.2155,16431073.0,3538.0,-0.056,67.902437,6.4397924929278
PE,2022.0,,7350.630343004173,,,,95.60915328,Perú,97.6301,,0.1422,16378826.0,3257.0,-0.089,66.50981,5.37023294512233
PE,2023.0,,7887.54185920108,,,,,Perú,99.2574,,0.1478,16326451.0,3336.0,-0.197,65.267436,4.44487686544465
PE,2024.0,,8452.371670566214,,,,,,,,,1627395.0,2889.0,-0.2,64.507407,4.08214157710912
PE,2025.0,,,,,,,,,,,16221323.0,2895.0,,,
PE,,,,,,,,,,,,,,,,
PY,1990.0,,1440.1582961002937,2.70185516463716,99.97425050579363,,,,,,,5912165.0,2228.0,,52.30933,2.79
PY,1991.0,,1685.2689008262091,2.37235297949305,99.962522571633,,,,,,,58397484.0,2228.0,,,2.9
PY,1992.0,,1682.6744477761083,2.58028051902425,99.9594709111676,,74.23358507,,,,,5766974.0,2228.0,,,3.01
PY,1993.0,,1661.7095530621752,2.65203801608256,99.9554650718921,,74.19371617,,,,,5693838.0,2228.0,,51.949921,3.26
PY,1994.0,,1760.288070832916,2.2446170941753,99.9807782079798,,74.37271653,,,,,5620339.0,2228.0,,,3.38
PY,1995.0,,1978.7151409957487,2.63965820175389,99.7182565049601,,78.92144203,,,,,5546473.0,2228.0,,77.121907,3.64
PY,1996.0,,2088.1710910223564,2.22608401252279,99.96653877041136,,79.21733722,,,,,5472238.0,2228.0,-0.821,,3.76
PY,1997.0,,2078.5084131382387,2.01417230058798,99.97837370242216,,80.34427357,,,,,5397631.0,2228.0,,70.789197,4.55
PY,1998.0,,1889.88455618586,1.90038248473524,99.97838177780396,,81.9180468,,,,,5322649.0,2228.0,-1094.0,,5.32
PY,1999.0,,1766.3065728825868,1.75811595698581,99.9711371945353,,84.62560968,,,,,52472895.0,2228.0,,68.627635,5.36
PY,2000.0,,1736.1172921076502,1.46125820906746,99.9801839527406,,85.96760771,Paraguay,24.8876,70.4,-0.6315,517155.0,2228.0,-1238.0,,5.54629133708224
PY,2001.0,,1637.686151229318,1.60887106842193,99.9813756426948,,88.58034641,Paraguay,25.4599,69.8,,5086837.0,2228.0,,70.793622,5.56737306341995
PY,2002.0,,1367.7650693599712,2.06807979138211,99.98303326972535,,90.22765621,Paraguay,24.6225,67.7,-0.5925,5001981.0,2228.0,-1.37,74.20774,5.19294748398123
PY,2003.0,,1443.9988523620518,2.14219181665103,99.98306001429371,,91.53320738,Paraguay,26.5315,67.0,-0.5002,49169827.0,2228.0,-1372.0,72.470114,5.27163003554347
PY,2004.0,,1786.215339385431,1.64919367692685,,,92.34760161,Paraguay,25.6299,66.8,-0.3427,48318407.0,2228.0,-1102.0,73.831363,5.63131301414672
PY,2005.0,,1970.87169852378,1.6488717465954,99.98532228432944,,93.43323837,Paraguay,25.8198,68.8,-0.2438,47465554.0,2228.0,-0.971,70.902608,5.87900692663879
PY,2006.0,,2439.4312469457595,1.92110670134396,,,93.95570259,Paraguay,27.6408,66.5,-0.2285,46611258.0,2228.0,-0.898,70.766199,6.01366212134533
PY,2007.0,,3211.9362165954644,1.74879846359446,,,95.12372058,Paraguay,29.7009,68.4,-0.1723,4575552.0,2228.0,-0.895,68.562646,7.09459641766195
PY,2008.0,,4384.954694378032,1.53670993415519,,,96.09258046,Paraguay,30.91,65.8,-0.0916,44898337.0,2228.0,-0.842,66.471603,6.59795346066517
PY,2009.0,,3941.848154794308,1.62701325231846,,,96.82374069,Paraguay,33.4615,65.4,-0.0887,440397.0,2228.0,-0.779,68.34684,6.82951652867206
PY,2010.0,,4750.962736694582,2.08299287196264,,,97.87758544,Paraguay,36.4537,63.6,-0.0815,4317961.0,2228.0,-0.767,64.975674,6.32512781957246
PY,2011.0,,5805.401545429248,1.67187532266737,,,98.6725805,Paraguay,36.8326,62.5,-0.0791,42376387.0,2228.0,-0.752,61.614318,6.34341744421739
PY,2012.0,,5642.1699167284605,1.69034010085165,99.9973769403171,,99.27883763,Paraguay,38.0052,63.4,-0.1957,41571668.0,2228.0,-0.764,62.147053,6.96943263431218
PY,2013.0,,6435.683427330044,1.6980914846184,,,99.64259399,Paraguay,38.7559,62.5,-0.2113,40765443.0,2228.0,-0.761,61.026465,7.31545379857232
PY,2014.0,,6652.254789424609,1.68579710915118,,,99.96452242,Paraguay,41.1167,62.5,-0.1894,3995771.0,2228.0,-0.738,59.252519,6.12707710338922
PY,2015.0,,5879.337923087617,1.69931574477657,,,100.0,Paraguay,40.8604,60.5,-0.1456,39148468.0,2228.0,-0.785,60.655578,5.59907830734443
PY,2016.0,,5775.159633995956,1.89364402448299,,,100.9639718,Paraguay,41.2092,62.5,-0.1634,38578686.0,2228.0,-0.679,61.183702,5.60806423170216
PY,2017.0,,6152.267115377905,1.68483913659766,,,101.411337,Paraguay,42.4376,60.1,-0.1312,38008016.0,2228.0,-0.643,61.22073,4.64262162665295
PY,2018.0,,6258.449916409836,1.51126155574886,,,101.9849448,Paraguay,42.0004,59.2,-0.1065,37436464.0,2228.0,-0.5,58.800391,4.71037819130713
PY,2019.0,,5821.181995487379,1.37779411178328,,,102.0345878,Paraguay,42.4081,60.1,-0.107,3686402.0,2228.0,-0.466,58.724666,4.18501262766962
PY,2020.0,,5365.472207211041,1.68263325547904,,,102.181684,Paraguay,42.5845,61.5,-0.1215,3629069.0,2.16,-0.607,63.264694,3.77408919401569
PY,2021.0,,5976.93179789949,1.34701587848651,,,102.9592878,Paraguay,42.4038,58.8,-0.1703,35940838.0,2.16,-0.577,61.642342,3.05154766880974
PY,2022.0,,6205.625953793195,,,,103.451755,Paraguay,41.1976,,-0.1905,35590142.0,2447.0,-0.496,57.93317,2.4926839341205
PY,2023.0,,6299.990265337135,,,,,Paraguay,40.9546,,-0.1565,352386.0,2.12,-0.338,57.57756,3.00272670980426
PY,2024.0,,6416.097089708445,,,,,,,,,3488621.0,1673.0,-0.355,57.51387,
PY,2025.0,,,,,,,,,,,34532967.0,1673.0,,,
PY,,,,,,,,,,,,,,,,
SV,1990.0,,892.1827151970303,0.835429774031668,93.19206492335438,,,,,,,16933452.0,0.943,,,2.31
SV,1991.0,,955.8268974210916,1.10154936595353,73.704832390074,,,,,,,16906703.0,0.943,,,2.37
SV,1992.0,,1040.7816408201863,0.781151128746524,75.86062132661628,,97.18252727,,,,,16879821.0,2264.0,,,2.95
SV,1993.0,,1180.2685426762075,0.559922378466846,68.199784405318,,96.92869973,,,,,16852805.0,3324.0,,,3.07
SV,1994.0,,1343.9290572543953,0.567410530010439,58.94502700985065,,96.36050017,,,,,16825655.0,3324.0,,,4.13
SV,1995.0,,1548.3763038362022,0.77923195419577,57.82477341389728,,95.34035863,,,,,16798371.0,3324.0,,,4.94
SV,1996.0,,1651.3101680089492,0.509551084760622,68.50207223209,,96.73011667,,,,,1677095.0,3324.0,-1108.0,,5.6
SV,1997.0,,1748.9211197112948,0.820568279143213,53.4021193530396,,96.61868749,,,,,16743392.0,3324.0,,,6.17
SV,1998.0,,1859.7308588774176,0.653989579847932,53.430463576158935,,97.93110453,,,,,16715694.0,3324.0,-0.892,48.533063,6.57
SV,1999.0,,1908.0804545223964,0.5553467617329,64.19652551574376,,98.04595141,,,,,16687857.0,3324.0,,47.80417,8.38
SV,2000.0,,1982.870935426154,0.497077305664038,59.966834468463134,,93.18430468,El Salvador,10.2699,33.5,-0.3755,1665988.0,3324.0,-0.962,51.323406,10.5207217593532
SV,2001.0,,2058.044590704517,0.485786941180763,55.583734481884974,,92.59973035,El Salvador,10.8425,33.1,,16603723.0,3324.0,,52.550403,10.88928395492
SV,2002.0,,2115.4118735562624,0.470738093792746,52.72364945978392,,92.69345634,El Salvador,11.0045,34.0,-0.0832,16547471.0,3324.0,-0.889,49.911489,11.1531677833493
SV,2003.0,,2207.830895180691,0.464556781953447,58.69077757685353,,91.6885476,El Salvador,11.4652,33.9,-0.0619,16491124.0,3324.0,-0.836,52.594443,12.547013060883
SV,2004.0,,2285.6890743889217,0.452387405870909,56.041314971123946,,86.83580236,El Salvador,11.875,33.3,-0.0538,16434684.0,3324.0,-0.476,54.353771,14.78542288162
SV,2005.0,,2447.3914084539406,0.546622489459469,59.566659755339,,92.15574286,El Salvador,12.1479,34.1,-0.0607,16378148.0,3324.0,-0.523,52.38165,16.1758784916289
SV,2006.0,,2665.618071948525,1.10993470507458,59.14341290893015,,91.37718618,El Salvador,12.6386,34.8,0.0675,16321516.0,3324.0,-0.423,53.815166,17.2729406750957
SV,2007.0,,2830.6569377073274,1.02476871768865,57.8833448038541,,92.0793078,El Salvador,12.8902,28.2,0.0333,16264789.0,3324.0,-0.42,52.92648,17.9719572486649
SV,2008.0,,2983.2482957797565,1.1698028573412,64.18264075067025,,93.02463112,El Salvador,12.3786,31.5,0.0481,16207965.0,3324.0,-0.452,50.455188,17.8657478641374
SV,2009.0,,2910.186517520108,0.715439137322185,58.00310773480663,,93.71063603,El Salvador,12.1013,32.2,0.0192,16151045.0,3324.0,-0.335,52.791621,18.1725743802493
SV,2010.0,,3040.0730095287786,1.02874215933074,66.67981283422459,,94.64206511,El Salvador,11.7582,32.6,0.0326,16094029.0,3324.0,-0.208,54.019535,16.4940660806766
SV,2011.0,,3330.6004948665272,0.832361782908174,64.56403090580307,,95.72134008,El Salvador,11.6763,29.5,-0.0158,16110845.0,3324.0,-0.286,54.027781,16.908383027152
SV,2012.0,,3497.912569155091,0.771015636279707,61.22831489498156,,96.69120908,El Salvador,11.9408,30.3,-0.116,16127693.0,3324.0,-0.263,54.20284,17.3209736709751
SV,2013.0,,3582.266940051694,0.938918673106463,61.32461734693877,,97.75321514,El Salvador,11.1291,27.5,-0.0962,16144572.0,3324.0,-0.229,52.099235,15.646851139116
SV,2014.0,,3666.012489138733,1.0550593254644,60.21051795360661,,98.93598795,El Salvador,11.615,24.0,0.0478,16161483.0,3324.0,-0.117,52.477405,15.4759040103327
SV,2015.0,,3790.340891081616,0.850742982932215,58.65703911536557,,100.0,El Salvador,12.1114,21.0,-0.0515,16178425.0,3324.0,-0.305,51.960111,15.2703020015926
SV,2016.0,,3901.3401496581087,1.0221138126124,58.86616244656363,,101.0620221,El Salvador,12.0696,20.7,-0.0425,16210927.0,3324.0,-0.325,51.954395,15.1784285898594
SV,2017.0,,4020.126713739188,0.88816041131789,74.85247971145176,,102.1851622,El Salvador,11.4214,25.0,-0.0652,16243478.0,3324.0,-0.351,52.392382,14.9421110340928
SV,2018.0,,4183.546209713581,0.663649690465912,78.3957021118933,,103.2678933,El Salvador,11.7398,23.2,-0.1297,1627608.0,3324.0,-0.365,51.920691,14.8401550080252
SV,2019.0,,4320.116715346275,0.562349124959244,72.59156785243742,,103.4019551,El Salvador,12.7669,19.4,-0.0355,16308734.0,3324.0,-0.345,52.346178,14.3616896468486
SV,2020.0,,3997.192795837087,0.764177304476048,86.14462025316456,,103.561631,El Salvador,11.6461,23.7,-0.0934,16341439.0,2855.0,-0.143,52.803876,14.339164219198
SV,2021.0,,4642.607431013421,0.535264947589614,95.55933806146572,,103.9041361,El Salvador,12.5969,21.9,-0.3341,16381193.0,2608.0,-0.248,53.507931,13.6847799363853
SV,2022.0,,5074.602102218056,,,,103.9573611,El Salvador,13.6027,,-0.5779,16421042.0,1808.0,-0.387,51.70049,13.7368340684605
SV,2023.0,,5365.444913991706,,,,,El Salvador,14.3801,,-0.6319,1646099.0,1673.0,-0.095,51.78809,13.9386752681301
SV,2024.0,,5579.659691650286,,,,,,,,,16501032.0,1941.0,-0.183,,13.9645637171352
SV,2025.0,,,,,,,,,,,16541172.0,1356.0,,,
SV,,,,,,,,,,,,,,,,
UY,1990.0,,2995.3610566346547,0.60644469736533,94.96170898831116,,,,,,,20247115.0,3178.0,,,13.4
UY,1991.0,,3589.01541942634,0.547745702244625,87.91678540894841,,,,,,,2135148.0,3178.0,,,14.5
UY,1992.0,,4101.710541552913,0.524820143871655,89.77298269273994,,103.2172858,,,,,22461312.0,3178.0,,,15.7
UY,1993.0,,4753.009246826468,0.442303519058191,92.240190547825,,103.2536643,,,,,23576649.0,3178.0,,,16.8
UY,1994.0,,5507.564813000561,0.375584936110432,98.81843245372194,,103.2919806,,,,,24697533.0,3178.0,,,18.3
UY,1995.0,,6050.486322536444,0.44852566255986,93.57652656621728,,103.4719769,,,,,25824005.0,3178.0,,,19.5
UY,1996.0,,6398.435751840946,0.381449645677067,87.1045134203029,,103.5817089,,,,,2695611.0,3178.0,0.738,,20.9
UY,1997.0,,7436.293426206825,0.401275809484488,91.1978729359082,,103.6891966,,,,,28093884.0,3178.0,,,23.6
UY,1998.0,,7836.891833223072,0.327248533539315,96.1425883336818,,103.8021498,,,,,29237377.0,3178.0,0.466,,25.4
UY,1999.0,,7370.56995453931,0.301658893171144,77.11664117892396,,103.5190381,,,,,30386627.0,3178.0,,,27.6
UY,2000.0,,6987.7009876625725,0.193328084228466,93.27807063784924,,102.9986669,Uruguay,33.8289,38.7,0.9213,3154168.0,3178.0,0.412,,28.4471034588755
UY,2001.0,,6382.761047408588,0.216877824747985,99.68691891891892,,102.803425,Uruguay,33.48,41.6,,324178.0,3178.0,,41.939552,29.0407180145933
UY,2002.0,,4149.761403126869,0.45458997663173,99.55783446121812,,102.7403899,Uruguay,34.1797,43.2,1.0076,33295397.0,3178.0,0.505,43.102876,28.8676850875623
UY,2003.0,,3671.1232925688273,0.632377734235131,99.74146170882388,,102.3920568,Uruguay,35.1329,43.8,0.9821,3417447.0,3178.0,0.491,43.92977,28.5928929356641
UY,2004.0,,4168.660654383865,0.800895044345689,81.49186440677965,,101.703714,Uruguay,37.1488,39.3,0.9178,35055023.0,3178.0,0.276,42.668392,30.3580892484896
UY,2005.0,,5284.25677987129,0.806565485741014,87.31068592997528,,101.4556385,Uruguay,37.303,41.3,0.9947,35937063.0,3178.0,0.553,41.888044,30.6168932649293
UY,2006.0,,6001.332947831721,1.12340438595144,64.36242816091954,,101.9053223,Uruguay,39.3341,37.6,1.1102,36820594.0,3178.0,0.544,41.082896,30.0004620754606
UY,2007.0,,7222.054036458771,1.28842123844774,86.96139901898059,,101.6104937,Uruguay,38.502,43.2,1.1245,3770562.0,3178.0,0.561,42.089732,29.2919934218533
UY,2008.0,,9423.965625958926,1.56798161399914,61.355758266818704,,102.0757306,Uruguay,42.1101,44.1,1.1383,38592137.0,3178.0,0.629,40.8425,29.0501084587531
UY,2009.0,,9881.395731270806,1.34673827245616,69.60101534556364,,102.1493323,Uruguay,41.4935,44.6,1.188,39480157.0,3178.0,0.658,45.967344,28.8105372329643
UY,2010.0,,12641.057684900788,2.02169884847788,89.09721575565696,,100.9822716,Uruguay,38.4637,53.3,1.2317,40369686.0,3178.0,0.66,40.059962,28.9939371658963
UY,2011.0,,15132.26757255872,1.43709496222999,74.61803944315545,,101.1481144,Uruguay,39.6781,49.7,1.2042,41067116.0,3178.0,0.599,36.539798,29.0023971804949
UY,2012.0,,16259.594081425614,1.17962644777555,64.61209662200416,,100.3694662,Uruguay,40.267,47.9,1.1089,41765846.0,3178.0,0.491,35.481201,30.3097888379838
UY,2013.0,,18335.25947723224,1.29138043579779,84.03859348198971,,100.313354,Uruguay,39.0731,51.9,1.1539,42465884.0,3178.0,0.484,34.866202,31.3404897623169
UY,2014.0,,18322.427676715724,1.45872376049256,94.53656096059112,,99.99974798,Uruguay,39.2291,56.7,1.1506,4316723.0,3178.0,0.667,34.900286,32.2644587815158
UY,2015.0,,17125.901680029787,1.85218241655473,93.03452545706168,,100.0,Uruguay,39.673,59.4,1.2097,4386989.0,3178.0,0.636,35.503177,32.8511109059129
UY,2016.0,,17009.75842072758,1.74168715941962,96.45757095519376,,98.90107488,Uruguay,39.88,60.3,1.2405,44371273.0,3178.0,0.59,35.82909,32.9527299134165
UY,2017.0,,19184.650261708244,1.82938511988003,98.28758443005364,,98.85667787,Uruguay,39.0143,60.8,1.2331,4487344.0,3178.0,0.49,35.909646,33.5546053963508
UY,2018.0,,19249.94046775007,1.97299244228802,97.36383531664616,,99.02599648,Uruguay,38.6614,60.8,1.234,4537638.0,3178.0,0.541,36.132855,33.9820723551451
UY,2019.0,,18315.73169800281,1.70632780467724,98.0227300956403,,98.80087448,Uruguay,39.2381,59.3,1.243,45880105.0,3178.0,0.688,35.952887,34.3038661770879
UY,2020.0,,15757.53559957787,2.29343009292959,93.7486387049301,,98.5494072,Uruguay,38.6049,61.2,1.255,4638461.0,3352.0,0.769,,35.4070117753389
UY,2021.0,,17881.81872109899,1.92773520463627,84.35379806189435,,98.36655128,Uruguay,42.2718,57.8,1.2359,46882555.0,3352.0,0.827,,36.417164331799
UY,2022.0,,20818.614609114356,,,,98.30570231,Uruguay,41.1104,,1.2015,47381695.0,2844.0,0.899,,37.1155791965173
UY,2023.0,,23019.42215600459,,,,,Uruguay,42.9272,,1.2183,4788204.0,3119.0,0.854,,35.5623729184751
UY,2024.0,,23906.51330294079,,,,,,,,,4838359.0,3197.0,0.69,,35.6206600861989
UY,2025.0,,,,,,,,,,,48886355.0,3197.0,,,
UY,,,,,,,,,,,,,,,,
VE,1990.0,,2451.5523114567022,29.2548511239111,62.34385799295359,,,,,,,11622701.0,3259.0,,35.555422,7.5
VE,1991.0,,2632.5396981410595,16.6639894189064,70.32540221355606,,,,,,,11622493.0,3259.0,,,7.87
VE,1992.0,,2907.303344394341,15.7571776112482,70.09341637010677,,97.3178356,,,,,11622285.0,3259.0,,35.488449,8.81
VE,1993.0,,2824.6914436644097,15.7932181812518,68.42985212302902,,97.29854388,,,,,11622076.0,3259.0,,,9.8
VE,1994.0,,2688.983251452953,16.2198265911409,72.00685191165526,,97.00035248,,,,,11621865.0,3259.0,,,10.7
VE,1995.0,,3486.983506359194,15.1363210095652,70.0514663834654,,96.65267965,,,,,11621654.0,3259.0,,45.29054,11.1
VE,1996.0,,3112.8258481059984,23.8367720643582,71.23749801555802,,96.38912054,,,,,11621442.0,3259.0,-0.73,,11.8
VE,1997.0,,3710.826883550958,18.0963540802062,73.35938000384296,,96.1071612,,,,,11621227.0,3259.0,,44.738003,12.1
VE,1998.0,,3869.982588488938,9.06347009522954,71.59649946849275,,96.41811408,,,,,11621013.0,3259.0,-0.921,47.066921,11.0
VE,1999.0,,4070.906191894842,13.269532614572,75.16465524726195,,96.78581543,,,,,11620797.0,3212.0,,49.614427,10.6
VE,2000.0,,4776.281676393798,20.5761295010598,73.74840215313529,,96.80486147,Venezuela,222.8468,15.3,-0.301,1162058.0,2372.0,-1012.0,50.51969,10.3396101914696
VE,2001.0,,4920.393136004533,15.3442903568827,67.06798788268844,,97.18520164,Venezuela,229.0593,14.0,,1161028.0,2372.0,,48.087686,10.8283804889383
VE,2002.0,,3652.0989650186502,19.4545884689745,64.81513739493968,,97.36031691,Venezuela,230.2707,12.8,-0.6723,11599964.0,2372.0,-1346.0,51.893137,11.1723846404524
VE,2003.0,,3229.5055708207888,21.8955843439596,65.83572609414426,,100.5061976,Venezuela,225.321,13.4,-0.5956,11589628.0,2228.0,-1.17,54.034579,11.4170583117568
VE,2004.0,,4269.089708723917,23.8297115705399,70.94119195375535,,101.1845957,Venezuela,235.966,14.6,-0.6813,11579276.0,2103.0,-1134.0,51.074915,12.7044629331838
VE,2005.0,,5432.485418465401,29.2230041014033,73.28606809382828,,101.1490817,Venezuela,244.9699,14.2,-0.6518,11568907.0,2103.0,-0.99,48.57675,13.6284914203061
VE,2006.0,,6739.380653422185,28.0774680117788,73.90088931553494,,101.0190267,Venezuela,247.8593,15.6,-0.7184,11558521.0,2103.0,-0.998,47.593464,15.4888618366434
VE,2007.0,,8331.620969918438,23.1186941835454,72.72463971141892,,100.9571641,Venezuela,246.7892,16.6,-0.7963,11548116.0,2103.0,-0.9,,18.7891164074919
VE,2008.0,,11262.451425675888,23.9223070628002,72.79654978750514,,100.9279134,Venezuela,258.0486,16.4,-0.8614,11537694.0,2103.0,-0.93,,22.8767539221926
VE,2009.0,,11596.602192173088,10.5416668243022,71.66092313335167,,100.0484987,Venezuela,256.0194,16.2,-0.8954,11527253.0,2103.0,-0.836,,24.1459105604703
VE,2010.0,,13646.304662266411,12.380878328857,67.242625937084,,100.0387858,Venezuela,260.9671,13.8,-0.8893,11516796.0,1.99,-1047.0,,24.5821787804096
VE,2011.0,,10843.922970316738,24.4753357613612,70.70046725418459,,99.97824084,Venezuela,258.049,14.8,-0.9963,11503574.0,1783.0,-1096.0,,25.1237270436823
VE,2012.0,,12607.236124624284,18.7812359044725,67.0600784236679,,99.87629824,Venezuela,284.5548,13.8,-1.0267,11490326.0,1783.0,-0.926,,25.8807539842726
VE,2013.0,,8656.356697236675,17.6253449138361,65.96440553278524,,99.9411415,Venezuela,283.6562,15.4,-1.205,11477054.0,1758.0,-0.953,,25.9886518536685
VE,2014.0,,7096.220471055118,11.8465082797294,77.53691229896023,,99.95907164,Venezuela,281.468,12.1,-1.2514,11463758.0,1705.0,-1008.0,,25.809822206123
VE,2015.0,,4103.138498700504,,65.53966478494154,,100.0,Venezuela,262.949,15.4,-1.3294,11450436.0,1664.0,-1.02,,25.446795071311
VE,2016.0,,3670.157378482079,,62.32403609515996,,100.0417442,Venezuela,246.1419,14.6,-1.3495,11433246.0,1622.0,-1075.0,,24.8991962482919
VE,2017.0,,3791.331606820766,,51.47466408466256,,100.1508996,Venezuela,231.0814,14.3,-1.4767,1141603.0,1369.0,-1192.0,,19.3968635633263
VE,2018.0,,3422.6546701485363,,63.29327942087586,,100.2659828,Venezuela,210.6357,14.6,-1.6549,11398787.0,1369.0,-1596.0,,18.6103292074046
VE,2019.0,,2523.112752306666,,65.92180355462486,,100.327622,Venezuela,189.5028,15.8,-1.6869,11381518.0,1406.0,-1597.0,,18.4922727126019
VE,2020.0,,1506.0436210041037,,84.45121523562892,,100.4681158,Venezuela,141.5035,31.2,-1.6884,11364222.0,1.24,-1562.0,,18.4614252028639
VE,2021.0,,2004.9339794979207,,81.72207575243415,,99.21313946,Venezuela,141.3264,33.7,-1.7943,11366044.0,1146.0,-1.52,,11.4119373070717
VE,2022.0,,3155.0420709968707,,,,99.300334,Venezuela,160.2607,,-1.7782,11367872.0,1224.0,-1502.0,,9.51114870132464
VE,2023.0,,3617.4359457826895,,,,,Venezuela,165.3115,,-1.7578,11369704.0,1531.0,-1432.0,,8.4448476360466
VE,2024.0,,4217.5910264339145,,,,,,,,,1137154.0,1.39,-1466.0,,8.50508296919372
VE,2025.0,,,,,,,,,,,11373382.0,0.901,,,
VE,,,,,,,,,,,,,,,,
