iso2,year,indice_riesgo_climatico,PIBpc,renta_rec_nat,impuestos_ambientales,protec_der_lab
AR,1990,,4315.334031115882,2.54133379153863,35.25110753910691,
AR,1991,,5709.247840795045,1.11216953670952,30.30038615773058,
AR,1992,,6789.996111364947,1.09688763068098,34.72388046403051,
AR,1993,,6931.855963758755,1.09534038350252,38.74272786037492,
AR,1994,,7437.562423275942,1.03761625538356,41.87006734314532,
AR,1995,,7357.616277378798,1.29807343639538,40.1140203331299,
AR,1996,,7663.212712874685,1.59598410207505,33.35865390127845,
AR,1997,,8146.787100214308,1.42473252510187,39.29078992756123,
AR,1998,,8218.992127646823,0.821860211536179,36.306161789089145,
AR,1999,,7705.5428825285135,1.4005641030747,27.195730506816577,
AR,2000,,7637.014892036284,2.36414526373118,33.03178865990966,
AR,2001,,7141.475076628263,1.91854085449722,41.61724382722896,
AR,2002,,2569.699635191236,5.63090239331634,43.240245848354114,
AR,2003,,3320.477751339027,4.54405237920157,37.88123941092142,
AR,2004,,4242.020990894215,4.29522015828479,31.518902262687103,
AR,2005,,5067.653422932756,5.18727382834912,33.72057029942611,
AR,2006,,5869.380289702044,5.77560944191323,34.739686541377246,
AR,2007,,7185.251551470267,4.83861569507875,29.226791140076617,
AR,2008,,8944.1102657357,4.94937994883837,27.450146399074853,
AR,2009,,8150.235270282207,3.09834695426024,30.495398371857323,
AR,2010,,10260.13131082542,3.25709519384359,28.633480141253028,
AR,2011,,12704.283181968423,3.88650404225898,26.389827498339848,
AR,2012,,12949.717486654019,3.62564790864033,24.283996530891237,
AR,2013,,12963.67577332604,3.15558730477948,26.367384399176867,
AR,2014,,12233.144411918582,2.96561619466374,25.67168918138783,
AR,2015,,13679.626498095417,1.11677493458146,24.420524314698824,
AR,2016,,12699.962313775635,0.929681521135013,22.73758320880315,
AR,2017,,14532.500930851062,1.02056616793198,24.52249320260361,
AR,2018,,11752.799892297908,2.0371251352841,25.037881471389646,
AR,2019,,9955.974786804276,2.16668838721926,26.509913654114865,
AR,2020,,8535.59938004389,1.42962432529499,27.262449323032207,
AR,2021,,10738.017922338438,2.65308888983975,25.536111346855638,
AR,2022,,13962.189408722319,,,
AR,2023,,14261.84656679479,,,
AR,2024,,13969.78366037374,,,
AR,2025,,,,,
BO,1990,,682.6768102953798,7.28776717511939,50.26959767731232,
BO,1991,,733.9354876025193,3.86536252330757,58.87521968365553,
BO,1992,,759.5711349636497,3.83579549195986,54.14593698175788,
BO,1993,,756.6370160484508,3.64155613379886,58.279894379479444,
BO,1994,,774.0356696443179,4.41108909617144,48.1586402266289,
BO,1995,,852.7540348614444,5.11080000814782,43.32560450480292,
BO,1996,,922.1132590697141,4.73280305606934,45.460160592958616,
BO,1997,,970.3518433685936,4.01382529219893,46.4573732718894,
BO,1998,,1022.1450651954493,2.23594806398861,43.288409703504044,
BO,1999,,979.3444949645719,2.77497627522259,47.35892811131151,
BO,2000,,975.7770603587506,4.61282788346862,49.768814432989686,
BO,2001,,930.1682272143125,4.33368686543391,54.26274805325295,
BO,2002,,888.2213289743515,4.94485124710044,53.023894862604536,
BO,2003,,893.0137602111491,5.31627802754268,46.05955392044148,
BO,2004,,953.1918932462771,7.4299811875095,48.45947136563877,
BO,2005,,1020.1232620073686,11.5452208680479,41.02625686952982,
BO,2006,,1202.7115044632694,14.6334565247073,43.97728178557194,
BO,2007,,1354.5490594992878,13.9849345825977,43.91159207630228,
BO,2008,,1692.6724845587646,12.7766867611472,40.53818977119785,
BO,2009,,1731.181721122093,7.44851742232197,38.779775280898875,
BO,2010,,1929.783730771584,9.16161212209317,34.369959526307895,
BO,2011,,2315.5212193060715,14.001095606139,34.73415765069552,
BO,2012,,2575.598570980836,12.3531411069095,33.321097216619606,
BO,2013,,2870.0237700075613,11.9598682861297,34.132176575657056,
BO,2014,,3041.435031624083,10.5328802221264,29.05432425921465,
BO,2015,,2996.0128981134417,4.11807754841214,29.434989487661834,
BO,2016,,3035.8734773213155,2.97275312620724,20.79458821002899,
BO,2017,,4048.4011973983856,5.01456692473101,25.178964872167946,
BO,2018,,4206.855293666104,5.37166725772886,29.692384669268492,
BO,2019,,4203.15492855788,4.09529358747088,36.31021044427124,
BO,2020,,3580.9676177830274,2.7203797976672,35.88762019230769,
BO,2021,,4010.7605368620434,9.46769419569564,38.23759647188534,
BO,2022,,4219.461137424454,,,
BO,2023,,4274.70820547613,,,
BO,2024,,4421.166098899988,,,
BO,2025,,,,,
BR,1990,,2619.8014106404667,2.68167389862843,94.50051835329704,
BR,1991,,2258.1045402706286,2.32109734238196,94.62575252691177,
BR,1992,,2127.2908301148923,2.48015551009855,94.41943971009216,
BR,1993,,2348.9063543638385,2.05663127242723,95.25470679747278,
BR,1994,,3298.714918917858,1.37319774228072,95.40533992716533,
BR,1995,,4756.750135523019,1.14877560865906,94.15749580008782,
BR,1996,,5179.130520099764,1.14889170835858,93.56113403689945,
BR,1997,,5299.397942481326,1.03895894476099,92.97783636706042,
BR,1998,,5105.892461920029,0.962811621846264,92.9233437348484,
BR,1999,,3493.571920432285,1.71450974118159,90.03692682751945,
BR,2000,,3766.5478633983453,2.15912007223176,89.49575535238313,
BR,2001,,3176.2897505252413,2.23774123802714,84.2906139272103,
BR,2002,,2855.9401713704933,2.8154673100718,85.7402993019374,
BR,2003,,3090.606890783902,2.70034429443933,87.16372938389796,
BR,2004,,3663.8226249781133,2.53496036492128,86.03184644331054,
BR,2005,,4827.781658902905,3.65047497650545,87.13746765153225,
BR,2006,,5934.1456185745365,3.82714515901824,86.77701228367638,
BR,2007,,7409.6900382286085,4.10201494553661,88.22733838484815,
BR,2008,,8908.333384679483,4.7760488329414,84.33459089073504,
BR,2009,,8678.658473065296,2.38487387569911,89.05454592262524,
BR,2010,,11403.284003869394,3.64871282999395,84.81639788021631,
BR,2011,,13396.626315804127,4.33686638966397,87.19517749648806,
BR,2012,,12521.723845443394,3.85552495977285,82.57765825912698,
BR,2013,,12458.890339662463,3.78686028400519,76.82520084507338,
BR,2014,,12274.994163021336,3.28623279487755,72.57709272527237,
BR,2015,,8936.195588944402,2.35832735012319,73.54009626582052,
BR,2016,,8836.285460256942,2.43013532231265,79.71280895569382,
BR,2017,,10080.507872282147,2.73375767842298,78.41815458700346,
BR,2018,,9300.660729040037,3.61759120230309,81.57307523184174,
BR,2019,,9029.83304401079,3.21717303299592,81.43023575427466,
BR,2020,,7074.194074957075,3.22987656043381,83.17614240001018,
BR,2021,,7972.536960806947,7.94111199933246,77.3753492178891,
BR,2022,,9281.332821368642,,,
BR,2023,,10377.58977191948,,,
BR,2024,,10310.548877816553,,,
BR,2025,,,,,
CL,1990,,2487.76829657299,11.1674175940099,53.83736120182887,
CL,1991,,2798.3426241379475,5.94722567017809,70.97339812634638,
CL,1992,,3351.841088555225,4.63171552198061,82.69462952197827,
CL,1993,,3540.913773130155,3.35411622206962,81.66479190101236,
CL,1994,,4012.1015991228487,4.8849330643983,74.26514222415635,
CL,1995,,5081.4682771561,6.55630977481336,72.40518071859279,
CL,1996,,5333.50438729711,4.95869610912803,60.452933328994895,
CL,1997,,5741.958429895956,4.60520277817387,62.134726852268976,
CL,1998,,5419.824172971906,2.51172777125851,48.17088625418908,
CL,1999,,4933.555815167552,3.6694603049762,38.03073717113832,
CL,2000,,5052.992457663253,4.87094937341686,49.451070412695245,
CL,2001,,4563.595298668896,3.94016087143578,55.02574592650067,
CL,2002,,4430.847411579841,3.69658229472728,56.275331455657074,
CL,2003,,4773.401775207537,5.01162090891452,51.5620662410045,
CL,2004,,6120.59152055344,9.56665341226193,48.08428370567099,
CL,2005,,7480.3233099863555,9.79630843278012,55.0358204405152,
CL,2006,,9318.656552961205,17.3488493708667,56.326825741142436,
CL,2007,,10346.413818453251,17.1517567156625,45.06998923242578,
CL,2008,,10683.218877251113,13.8254393455321,46.55131984456653,
CL,2009,,10098.801716728622,8.79204050030603,49.72826981983466,
CL,2010,,12632.870472419238,11.9881628362203,40.7618228149717,
CL,2011,,14487.392783203195,12.1645185437385,39.7270859647254,
CL,2012,,15241.906998111876,9.05442637303188,36.730469814052846,
CL,2013,,15683.548636915513,7.66232423505302,35.906288920823926,
CL,2014,,14529.676720633584,6.87780503013052,43.119019688211104,
CL,2015,,13433.920298703233,4.04461870413776,43.64706818362638,
CL,2016,,13649.85204528032,3.20569572328577,43.46181964857438,
CL,2017,,14879.90862271865,5.30261792520974,44.10183401935979,
CL,2018,,15659.480867562766,5.83707726201581,46.31506333572183,
CL,2019,,14495.716721686993,2.56889266052365,45.38899926677547,
CL,2020,,13114.815470545014,5.48716936741024,48.783065255437954,
CL,2021,,16206.832549342107,16.9044168802743,48.082199095639524,
CL,2022,,15405.616577407298,,,
CL,2023,,17067.036479915365,,,
CL,2024,,16709.889397230672,,,
CL,2025,,,,,
CO,1990,,1474.8455285341977,6.90290637643892,76.38419011469593,
CO,1991,,1485.7397188920797,4.19951137793811,75.68261692349284,
CO,1992,,1730.390917953288,3.65200984470421,68.66500728508986,
CO,1993,,1929.2672181173755,2.98064670992827,73.25397442879743,
CO,1994,,2325.918729733743,2.41695103636019,78.49259822743848,
CO,1995,,2583.6657634985836,3.12840978420135,76.40462590130161,
CO,1996,,2664.6405605998307,3.72384039434735,82.99202066325354,
CO,1997,,2873.2814350993003,3.06670230612638,71.64443448043941,
CO,1998,,2604.8716695951766,2.05430024171781,69.74630821658462,
CO,1999,,2241.229118012161,4.32181182919172,79.8608192050815,
CO,2000,,2555.0075103996796,5.79241275178545,74.13816048781618,
CO,2001,,2472.9908403583336,3.898278216233,76.81060117842019,
CO,2002,,2428.9296977158447,3.95007189063968,79.11010477712662,
CO,2003,,2311.9421876029073,4.56302920257189,82.04253765011708,
CO,2004,,2818.5719541304416,5.92813672580534,82.29010980171338,
CO,2005,,3456.066108745124,6.26115845587611,83.59198712855553,
CO,2006,,3789.8536121702714,7.29062678619221,80.76616082719632,
CO,2007,,4769.926147194003,6.6997731158152,81.56751520857473,
CO,2008,,5541.836296658978,8.78822691726813,83.93597283045848,
CO,2009,,5250.972924335177,4.85703346033699,73.1129715165512,
CO,2010,,6398.295844710204,6.70109253013503,68.5384551947088,
CO,2011,,7400.994069566899,9.86049155221695,79.75637995079357,
CO,2012,,8108.598382442293,8.29683079092449,76.79469302318262,
CO,2013,,8279.102556429807,7.3843393604104,61.65828840150809,
CO,2014,,8187.208248900844,6.53057789835517,65.0719129896443,
CO,2015,,6248.514905345122,3.70587614553491,58.84156954552394,
CO,2016,,5959.842503675744,3.09947714544169,63.01041666666667,
CO,2017,,6479.532312924286,3.72823321108347,74.4765766902119,
CO,2018,,6816.968183095439,4.940258188938,73.2358465790428,
CO,2019,,6472.545449247049,4.30433092902696,70.1969657402226,
CO,2020,,5339.687113579434,2.55119417609951,65.27714993274586,
CO,2021,,6222.621643976142,5.32396445388134,75.12462226663811,
CO,2022,,6680.445068544809,,,
CO,2023,,7000.836605010462,,,
CO,2024,,7919.2088682534495,,,
CO,2025,,,,,
CR,1990,,1829.6687089558998,3.29362536409102,97.52018454440599,
CR,1991,,2253.38191508071,2.7705851981399,94.87577639751554,
CR,1992,,2612.387564537369,2.57139424487584,82.83794788273615,
CR,1993,,2840.387064793974,2.20327488825599,89.92263843648209,
CR,1994,,3039.563285506332,2.36855202407589,90.14657980456026,
CR,1995,,3275.252564474161,2.90594941109728,82.74943659086253,
CR,1996,,3226.963955986253,2.57877076272718,90.71220324864639,
CR,1997,,3407.7761289850027,2.28730285708989,96.95241489930494,
CR,1998,,3617.4575666672645,1.51817198447363,91.85294661001294,
CR,1999,,3690.9615477829702,1.15423351439575,97.84719974101651,
CR,2000,,3812.7538828492393,1.01441557771135,98.59286023991906,
CR,2001,,3985.129845062071,1.05121844888149,,
CR,2002,,4067.718514290924,0.981118861036768,97.80132890365448,
CR,2003,,4173.148564155143,1.02044880139504,99.19388165839258,
CR,2004,,4431.011720784304,1.00110593588162,96.23481436396834,
CR,2005,,4703.007217847779,1.12142978712725,95.58438256658596,
CR,2006,,5256.596408591589,1.49198409303492,92.7713004484305,
CR,2007,,6137.711999255424,1.63840228211153,91.85580110497239,
CR,2008,,6937.242615960555,1.48654911478283,92.72092041376399,
CR,2009,,6832.69829924138,1.2301475943504,95.06208378088077,
CR,2010,,8265.788202755815,1.62716715850808,92.51059167275383,
CR,2011,,9276.391075113472,1.26384990129987,90.52695280716028,
CR,2012,,10126.999102417712,1.2425772572914,90.94200904265776,
CR,2013,,10803.240196217295,1.34122901696494,87.46634098680997,
CR,2014,,10911.497878334028,1.387670718648,88.98913575413526,
CR,2015,,11714.710598073205,1.13397448273593,98.38938216796153,
CR,2016,,12091.030160615413,1.23322083330008,97.21880717160629,
CR,2017,,12317.090277130377,1.13383955527767,98.73751871092719,
CR,2018,,12590.24937816141,0.945537295658598,97.70384515233053,
CR,2019,,12884.685995198872,0.759689840900586,98.33226002958837,
CR,2020,,12394.049396949189,0.904748239780319,98.94193878421008,
CR,2021,,12838.11853589308,0.763407374189705,99.36680537018137,
CR,2022,,13625.900849132848,,,
CR,2023,,16942.026811937547,,,
CR,2024,,18587.15322034816,,,
CR,2025,,,,,
CU,1990,,2694.3169795769218,0.889900006052379,10.250266240681576,
CU,1991,,2268.834932471936,0.974175974856255,10.33441533932211,
CU,1992,,2047.6790034642067,0.980780881926143,12.289824926330386,
CU,1993,,2063.2036625358664,0.726531018736827,8.807489547355027,
CU,1994,,2613.2897186912237,0.749040387549148,7.90639364814041,
CU,1995,,2785.244429541026,1.1031987834832,6.1321133317280685,
CU,1996,,2282.188093242024,1.42702180446909,7.683590208522212,
CU,1997,,2306.4248339733626,1.13012663531633,7.069136151562279,
CU,1998,,2332.3065613311883,0.568750635856304,6.191687871077184,
CU,1999,,2561.7798040683765,0.788553451429859,6.789953077560034,
CU,2000,,2751.381771481403,1.9061358593501,6.873336881319851,
CU,2001,,2842.9670431039403,1.17627917876909,6.571017713576051,
CU,2002,,3005.2110424786833,1.36767488938968,6.657748901203899,
CU,2003,,3202.781098656367,1.92021874871511,5.364958886780519,
CU,2004,,3399.219628934021,2.70599089783315,5.6070103620314695,
CU,2005,,3786.3379922529116,2.637736541097,3.1762482075348717,
CU,2006,,4329.982659643831,3.74613117909438,3.035399842127634,
CU,2007,,4807.438889606839,6.72039794760689,3.0327450201464163,
CU,2008,,4986.12436479175,3.18662044497083,3.9610793686711547,
CU,2009,,5089.235197571668,1.7631346184052,3.886958483754513,
CU,2010,,5272.2675582483525,2.69060313010367,3.2365925159510263,
CU,2011,,6104.461052361658,2.92694825350704,3.2270833333333333,
CU,2012,,6470.83673392653,2.18752036209115,3.713696548730193,
CU,2013,,6828.364282453959,1.71188160483376,4.437931034482759,
CU,2014,,7146.704590513279,1.66734771791981,4.020241660642363,
CU,2015,,7727.919972079983,0.693800859230045,3.955293769716088,
CU,2016,,8110.558742836164,0.469100172114536,3.9688630364649526,
CU,2017,,8610.608296054288,0.66367803344131,3.8429321918474564,
CU,2018,,8911.462059987256,1.10185419907902,3.646254259250372,
CU,2019,,9232.261159351829,0.920750895009186,4.183625289201568,
CU,2020,,9605.27914559614,0.565351678337536,4.52800156242371,
CU,2021,,,,4.770739996910243,
CU,2022,,,,,
CU,2023,,,,,
CU,2024,,,,,
CU,2025,,,,,
DO,1990,,989.1639412076594,2.01017458840216,10.045662100456621,
DO,1991,,1345.846736906233,1.40795463511044,13.571428571428571,
DO,1992,,1558.2978207107537,0.802566480155784,9.96968075619761,
DO,1993,,1722.4199599398096,0.270241819529112,21.603563474387528,
DO,1994,,1891.6705567900046,0.793311412444342,10.143910143910144,
DO,1995,,2109.169407286892,1.14002177756892,11.689017760057991,
DO,1996,,2270.865586872028,0.70339446524712,13.568745304282496,
DO,1997,,2448.8939353536302,0.503240742590817,9.788577704557936,
DO,1998,,2607.854573214045,0.0481131529630172,11.217614121666507,
DO,1999,,2620.889681727205,0.190528242624742,14.212786646138886,
DO,2000,,2831.458836380334,0.341026792433444,7.8800515581166115,
DO,2001,,2935.893673126681,0.0227890061773118,6.566449309113493,
DO,2002,,3065.6032952419596,0.0276477786257098,7.713327146834178,
DO,2003,,2383.2617178039336,0.541632394719868,10.303969359331475,
DO,2004,,2451.691616165686,1.21413014952002,14.062265566391599,
DO,2005,,3878.312067352443,0.721035390362793,15.032873011107775,
DO,2006,,4055.142703473711,1.6062343112117,13.249716874292186,
DO,2007,,4649.645588758138,2.52804800376544,12.287274975951629,
DO,2008,,5023.585134035155,0.234147045628384,10.195473813756324,
DO,2009,,4973.951869999516,0.123503913034202,11.37429070274989,
DO,2010,,5478.6247039895425,0.172400177111422,10.339650737782591,
DO,2011,,5826.510141091945,0.340210817624619,10.408380952380952,
DO,2012,,6013.819650026031,0.446840708804603,11.81956843038723,
DO,2013,,6136.594293293015,1.02972097005091,12.671273835044566,
DO,2014,,6496.451669711419,1.03750954514513,9.608004640371231,
DO,2015,,6800.953093954736,0.535347858231712,7.764836630362303,
DO,2016,,7160.442009823075,1.2819479321571,11.281656363248773,
DO,2017,,7412.715715715117,1.03534454096242,15.164417113971545,
DO,2018,,7882.982215849437,0.868889463505184,13.83710976837865,
DO,2019,,8183.016236003749,1.05544444208182,12.186899686079746,
DO,2020,,7135.222732558986,1.23931109405337,15.585907200598104,
DO,2021,,8527.075485820502,2.07711318519727,17.056612708799722,
DO,2022,,10104.244934908073,,,
DO,2023,,10630.431743829022,,,
DO,2024,,10875.661844309196,,,
DO,2025,,,,,
EC,1990,,1455.0074851087052,12.9915656856879,78.54780280359111,
EC,1991,,1587.3604999667193,7.24141251846212,72.77028964726125,
EC,1992,,1655.4461319263166,7.57641297443625,69.12173429683158,
EC,1993,,1697.8888414144515,6.94166997844564,78.39697746592903,
EC,1994,,1996.858947894442,6.69476702573695,80.6114931237721,
EC,1995,,2108.00698245316,7.81653810988059,61.22909004626883,
EC,1996,,2135.847937430799,9.06384330500035,67.92291220556746,
EC,1997,,2340.7660002685748,7.15232502703141,63.05732484076433,
EC,1998,,2284.0157284776915,4.06421827365714,59.74288337924701,
EC,1999,,1575.3023473097069,8.23306097190049,69.6255335661622,
EC,2000,,1382.2342175990902,16.7324376195742,71.7228609121749,
EC,2001,,1791.303596850374,9.40733648144871,63.98787330316742,
EC,2002,,2059.1585535974045,8.38814722027282,63.28757675161915,
EC,2003,,2315.622152230139,8.74010782962713,62.189676078295506,
EC,2004,,2586.2091466334664,12.5726365426945,58.93292004450803,
EC,2005,,2909.0260601438827,16.8498380565704,52.11511489107728,
EC,2006,,3243.6701035933856,18.3894115217757,48.1250909572005,
EC,2007,,3478.9248877067143,16.9001920320212,53.39672376997173,
EC,2008,,4194.757506619805,18.9618727793611,61.8214842280617,
EC,2009,,4053.36331139298,9.26408283902812,51.71168902272105,
EC,2010,,4520.30959039763,11.7907315375663,45.49159405433112,
EC,2011,,5153.691642437503,16.5773760059007,55.795727832632714,
EC,2012,,5634.083931910944,14.5265186334151,54.87341882960563,
EC,2013,,6109.290315103414,12.8813253368088,48.98589975066632,
EC,2014,,6405.799793004407,11.5903571785583,49.17983214021229,
EC,2015,,5976.159680565097,4.63202397853143,52.55868978805395,
EC,2016,,5917.63771271481,3.75806780861528,60.21308534397539,
EC,2017,,6233.322447977176,4.98372023451617,73.69239824492563,
EC,2018,,6303.918866583376,7.0964207852671,72.57411523337322,
EC,2019,,6205.057652467664,5.82070104913459,78.24132057356995,
EC,2020,,5463.645153485981,2.92430668533391,79.71569380440349,
EC,2021,,6061.323501817112,6.69943720189179,80.94837648227478,
EC,2022,,6515.585284183364,,,
EC,2023,,6737.847483796376,,,
EC,2024,,6874.705739766,,,
EC,2025,,,,,
SV,1990,,892.1827151970303,0.835429774031668,93.19206492335438,
SV,1991,,955.8268974210916,1.10154936595353,73.704832390074,
SV,1992,,1040.7816408201863,0.781151128746524,75.86062132661628,
SV,1993,,1180.2685426762075,0.559922378466846,68.199784405318,
SV,1994,,1343.9290572543953,0.567410530010439,58.94502700985065,
SV,1995,,1548.3763038362022,0.77923195419577,57.824773413897276,
SV,1996,,1651.3101680089492,0.509551084760622,68.50207223209,
SV,1997,,1748.9211197112948,0.820568279143213,53.4021193530396,
SV,1998,,1859.7308588774179,0.653989579847932,53.430463576158935,
SV,1999,,1908.0804545223964,0.5553467617329,64.19652551574376,
SV,2000,,1982.8709354261541,0.497077305664038,59.966834468463134,
SV,2001,,2058.044590704517,0.485786941180763,55.583734481884974,
SV,2002,,2115.4118735562624,0.470738093792746,52.723649459783914,
SV,2003,,2207.830895180691,0.464556781953447,58.69077757685353,
SV,2004,,2285.6890743889217,0.452387405870909,56.041314971123946,
SV,2005,,2447.3914084539406,0.546622489459469,59.566659755339,
SV,2006,,2665.618071948525,1.10993470507458,59.143412908930145,
SV,2007,,2830.6569377073274,1.02476871768865,57.8833448038541,
SV,2008,,2983.2482957797565,1.1698028573412,64.18264075067025,
SV,2009,,2910.186517520108,0.715439137322185,58.003107734806626,
SV,2010,,3040.0730095287786,1.02874215933074,66.67981283422459,
SV,2011,,3330.6004948665272,0.832361782908174,64.56403090580307,
SV,2012,,3497.912569155091,0.771015636279707,61.22831489498156,
SV,2013,,3582.266940051694,0.938918673106463,61.32461734693877,
SV,2014,,3666.012489138733,1.0550593254644,60.21051795360661,
SV,2015,,3790.3408910816156,0.850742982932215,58.65703911536557,
SV,2016,,3901.3401496581087,1.0221138126124,58.86616244656363,
SV,2017,,4020.1267137391883,0.88816041131789,74.85247971145176,
SV,2018,,4183.546209713581,0.663649690465912,78.3957021118933,
SV,2019,,4320.116715346275,0.562349124959244,72.59156785243742,
SV,2020,,3997.192795837087,0.764177304476048,86.14462025316456,
SV,2021,,4642.607431013421,0.535264947589614,95.55933806146572,
SV,2022,,5074.602102218056,,,
SV,2023,,5365.444913991706,,,
SV,2024,,5579.659691650286,,,
SV,2025,,,,,
GT,1990,,847.6885618303594,1.83045512720882,96.53012048192771,
GT,1991,,1014.4027968268234,1.65426431663517,94.90268767377201,
GT,1992,,1096.4597699269787,1.52332030398675,65.99854227405247,
GT,1993,,1165.674427162245,1.33092443055709,69.74021222100257,
GT,1994,,1292.672027504829,1.34833878506145,68.59083191850594,
GT,1995,,1421.0617780979567,1.59672727928084,69.86587183308495,
GT,1996,,1481.0598675067172,1.38934546996865,72.33510472022508,
GT,1997,,1638.4628185178874,1.58260940616648,72.48239975512702,
GT,1998,,1741.2011418285576,1.20269768494948,55.722621184919205,
GT,1999,,1603.6477614493433,1.42197658489313,57.013312753231716,
GT,2000,,1648.9657897155912,1.65531507910442,58.60681216931217,
GT,2001,,1537.6866357825168,1.51688956267975,47.55374490755249,
GT,2002,,1669.335174697054,1.49552331731967,41.0421686746988,
GT,2003,,1722.547019107736,1.55532613964599,45.13260123541524,
GT,2004,,1840.9118488399963,1.45629547212597,58.59173059420102,
GT,2005,,2046.4661165075804,1.55562794751834,59.30711889675736,
GT,2006,,2225.1234753877984,1.93392564321639,54.58584374234632,
GT,2007,,2458.8157391938444,1.95055907491986,50.514902363823225,
GT,2008,,2763.0598817292575,1.93184237870205,54.699587061252586,
GT,2009,,2611.6463277335247,1.63784143444565,45.19973471869128,
GT,2010,,2805.2596023732153,2.6452084845277,63.49477116833464,
GT,2011,,3168.98370607705,2.86196592041548,59.911476480836235,
GT,2012,,3286.619593362674,2.18105907544831,63.57178014766202,
GT,2013,,3444.158022758641,2.18983261245163,64.99027088897368,
GT,2014,,3689.1451041020246,2.98111660499136,65.27378378378378,
GT,2015,,3893.5053329906823,1.78572375354011,60.39779336298323,
GT,2016,,4060.1378473764325,2.01829626064269,60.45955705344247,
GT,2017,,4324.997689156005,1.50289202380162,66.50065520696832,
GT,2018,,4352.9459328970715,1.19385178218072,63.175097276264594,
GT,2019,,4511.998395526965,1.14790981503494,62.801461544027205,
GT,2020,,4477.617850006646,1.35250209053897,68.14690990320179,
GT,2021,,4912.622404146814,1.92928512463796,60.61031167322708,
GT,2022,,5358.70156997677,,,
GT,2023,,5758.327608478517,,,
GT,2024,,6150.025714385053,,,
GT,2025,,,,,
HT,1990,,451.7202496892161,0.758980650078628,79.39698492462311,
HT,1991,,496.54598743386447,0.7545789249722,74.57264957264957,
HT,1992,,316.2765131343539,1.16755024661594,75.88652482269504,
HT,1993,,258.06637225881695,1.25091936869488,75.27472527472527,
HT,1994,,292.134224374091,1.18848565185335,82.91814946619218,
HT,1995,,372.0061046651246,1.22519462633385,51.11111111111111,
HT,1996,,377.22946502597233,0.942847807917707,44.95867768595041,
HT,1997,,425.1110858792564,0.993751372688353,33.057851239669425,
HT,1998,,465.36330625905066,0.778424833674881,46.15384615384615,
HT,1999,,509.57858527537496,0.619396171409139,58.02292263610315,
HT,2000,,820.6000467614642,0.349449568493596,51.736745886654475,
HT,2001,,748.821159844528,0.383295015006936,47.64309764309764,
HT,2002,,720.9695680425219,0.396885022338016,47.53199268738574,
HT,2003,,578.9952910797085,0.518316847636601,47.66355140186916,
HT,2004,,683.1852981552732,0.415056574952732,47.53199268738574,
HT,2005,,775.8457040569159,0.353534370526786,47.66187050359712,
HT,2006,,828.8057002895894,0.474483984535321,47.54385964912281,
HT,2007,,984.5669834485212,0.403575652806683,32.9059829059829,
HT,2008,,1094.6605842164367,0.399712731958641,37.242798353909464,
HT,2009,,1196.8528706017953,0.337463725935536,28.71012482662968,
HT,2010,,1209.727335030943,0.665741356287765,25.68162083936324,
HT,2011,,1312.0395355201322,0.530247287448995,12.356636271529888,
HT,2012,,1361.3939658737431,0.493447395435744,20.23069936421435,
HT,2013,,1457.8322117962648,0.586507266755589,13.561553030303031,
HT,2014,,1460.1889861391446,0.699288591917661,8.947775628626692,
HT,2015,,1411.1268474679646,0.574767533630933,8.277189605389799,
HT,2016,,1318.402681679532,0.790216838420377,6.857142857142858,
HT,2017,,1395.2394518446108,0.657342723836906,12.37582625118036,
HT,2018,,1496.3804897015589,0.44034486815939,19.211630123927552,
HT,2019,,1352.1720419153248,0.443318678876138,19.124299065420562,
HT,2020,,1290.3253866738314,0.577844130610775,20.398803589232305,
HT,2021,,1841.3318933722194,0.327641965983974,20.54162487462387,
HT,2022,,1760.626356687774,,,
HT,2023,,1705.7580846099909,,,
HT,2024,,2142.623305267883,,,
HT,2025,,,,,
HN,1990,,749.8181135526313,3.21092333246204,98.27511858559724,
HN,1991,,722.0006579311231,2.70781658118094,98.55072463768117,
HN,1992,,782.1115187094318,2.19178076917636,93.55527102005975,
HN,1993,,772.7422477298596,1.83497670451247,88.13427010148321,
HN,1994,,735.8861471573887,2.27034903839063,77.81584582441113,
HN,1995,,814.0490755690705,2.45297007789003,61.32697947214076,
HN,1996,,812.8170476022441,1.96802150042667,66.48190414085425,
HN,1997,,917.2726512009042,2.34343118281433,66.4859693877551,
HN,1998,,988.6559869272529,1.85661666214069,56.3103953147877,
HN,1999,,999.0043833289084,1.68761400222431,59.53177257525084,
HN,2000,,1092.564007462518,1.37113446146867,62.27747402952433,
HN,2001,,1132.1648753328989,1.43828418297597,48.92829803521306,
HN,2002,,1132.4996534531656,1.37053917605775,39.25832127351664,
HN,2003,,1156.0816268135652,1.21682443039075,38.35051098064797,
HN,2004,,1215.1399541276094,1.17065229457115,29.307754606195584,
HN,2005,,1304.7003915382616,1.19616286119396,32.33237410071943,
HN,2006,,1425.8478005189233,1.9388652088634,36.26176176176176,
HN,2007,,1577.7378919740734,1.66136160268053,37.550726927939316,
HN,2008,,1732.4906270280264,1.20679031927745,38.43061472915399,
HN,2009,,1781.1570361467352,1.16441147896911,43.301596433194305,
HN,2010,,1893.3272266203458,2.36463288147641,46.33706115515289,
HN,2011,,2073.661210880738,1.7044807548954,44.65371024734983,
HN,2012,,2126.0347468650316,1.63060548730794,45.24427873489329,
HN,2013,,2081.1284352794482,1.78208817924239,42.58739537173806,
HN,2014,,2179.8817197727058,2.2661279184441,40.60830717218064,
HN,2015,,2271.2026598034863,1.56846231223826,45.916436387752846,
HN,2016,,2307.3446835108152,2.01566335667541,52.11397019406026,
HN,2017,,2413.007656294202,1.72906722467945,61.23117765742806,
HN,2018,,2464.642415319176,1.07184110988038,66.76427765815647,
HN,2019,,2502.327443280727,0.916855208806467,57.20439395361938,
HN,2020,,2307.6149431951144,1.23326098347167,57.48458193318837,
HN,2021,,2735.1475150397705,1.22455313744521,64.62095323741008,
HN,2022,,3003.289968263993,,,
HN,2023,,3227.4576250977575,,,
HN,2024,,3426.4348332892264,,,
HN,2025,,,,,
MX,1990,,3154.4692034903796,7.85316996477492,24.693319060403844,
MX,1991,,3708.842054815697,3.7204122843979,22.388930371476572,
MX,1992,,4220.566436770572,3.37676484568823,25.655557562620423,
MX,1993,,6048.348403880993,2.32169144860141,25.39635741820406,
MX,1994,,6202.365883728625,2.17600409935639,19.021824088737247,
MX,1995,,4183.878477274793,3.70622014950634,23.650228574431193,
MX,1996,,4674.367927336813,4.11473850462351,24.664692341351124,
MX,1997,,5567.355995166675,3.18057074248256,19.957251944857397,
MX,1998,,5832.693420044676,1.74627703760617,17.586558715113217,
MX,1999,,6499.971829504254,2.3736230088796,20.907524411257896,
MX,2000,,7524.027138009098,3.5781826113811,19.79515740853288,
MX,2001,,7952.76479510706,2.60164301698472,17.09735125334131,
MX,2002,,7983.033983817592,2.74840903518892,15.046237529843598,
MX,2003,,7434.0746485155005,3.35934793986578,12.119893995775072,
MX,2004,,7849.667596495654,4.19499035807608,14.442451690567085,
MX,2005,,8671.758918851627,5.58648727639514,15.195451572768457,
MX,2006,,9512.635753466991,6.1411361184755,15.332108874674653,
MX,2007,,10134.332713811855,5.75685331700591,14.08873567031451,
MX,2008,,10523.768540324385,6.7408329915323,17.537439568681908,
MX,2009,,8423.569332147112,4.17264386033762,12.947074355842886,
MX,2010,,9728.800783770816,4.9517973655552,16.60202441051474,
MX,2011,,10664.49440323125,7.12685649981166,14.888217632428184,
MX,2012,,10744.133524268636,6.64761771453207,13.785438779794745,
MX,2013,,11216.800850542808,5.63992841356242,13.297415286302867,
MX,2014,,11391.3773497683,4.74356172979305,17.53216139571137,
MX,2015,,10021.238611882723,2.18360553071428,15.264607542470241,
MX,2016,,9097.923976747688,1.97524669608099,15.295700470710315,
MX,2017,,9649.278167724024,2.36148896456378,15.960995253047198,
MX,2018,,10084.793756202112,2.8911069990433,15.907939491331973,
MX,2019,,10369.555358527137,2.09126302062882,16.877136126901597,
MX,2020,,8841.270750398684,1.55983378352436,20.752885421757256,
MX,2021,,10314.050672211482,3.64307338835023,23.37622979595448,
MX,2022,,11405.79404737593,,,
MX,2023,,13860.95978093256,,,
MX,2024,,14185.781224852855,,,
MX,2025,,,,,
NI,1990,,242.50839060082217,6.71830601093931,61.35895676046671,
NI,1991,,349.514318640612,5.33038411064474,60.252156602521566,
NI,1992,,411.4733306617863,3.99413843808385,50.94569859670531,
NI,1993,,394.3780740210711,3.2712641713304,57.002881844380404,
NI,1994,,849.1793313648951,1.62282645767437,48.45360824742268,
NI,1995,,891.7793523099956,1.99078483904908,45.44474393530997,
NI,1996,,910.8616459172948,1.55099338059432,43.50225790265931,
NI,1997,,912.7574297885329,1.89151852264118,41.76039119804401,
NI,1998,,949.1553734947705,1.5777578844684,27.846425419240955,
NI,1999,,980.2197446752457,1.42120426128236,27.37765466297322,
NI,2000,,1017.3124434882039,1.3540087539637,17.643555933645256,
NI,2001,,1051.8742358909956,1.14847900083655,17.884920634920633,
NI,2002,,1014.3339042590969,1.14157988958926,24.609541984732825,
NI,2003,,1021.3521666879383,1.12766211906764,27.073953823953822,
NI,2004,,1098.6211866233516,1.29185557609837,27.724503764544835,
NI,2005,,1183.3021401017506,1.11397978053442,34.61127499180596,
NI,2006,,1248.1737157778794,1.57912337410457,30.051691129546903,
NI,2007,,1350.3814575337663,1.54258856099957,29.004675810473817,
NI,2008,,1523.6843708640893,1.4819143624518,35.537637607854805,
NI,2009,,1467.0828805284489,1.31162414000297,30.924123950188243,
NI,2010,,1526.567069514084,4.15315104137442,36.985515168078706,
NI,2011,,1679.7119208463296,5.12065108678162,33.985882352941175,
NI,2012,,1784.6983601755483,4.62546930334416,42.723145621433886,
NI,2013,,1835.439963637147,4.95048345059701,52.33589435774309,
NI,2014,,1958.370475795471,4.2211834678271,54.534188034188034,
NI,2015,,2074.4562063473063,2.10539835608013,50.102379393145604,
NI,2016,,2131.6870482832232,3.11297731611032,52.7704203877151,
NI,2017,,2182.61380995674,2.7029582269273,56.05171270718232,
NI,2018,,2035.165493905072,2.02687465495511,58.95143962183068,
NI,2019,,1958.6205152809537,1.28485958829485,57.14888500218627,
NI,2020,,1938.4470475438154,1.65812864181366,70.21867581113163,
NI,2021,,2138.385884694495,3.84080893833151,69.50937574175173,
NI,2022,,2322.8905396458313,,,
NI,2023,,2609.444920729308,,,
NI,2024,,2847.53966339498,,,
NI,2025,,,,,
PA,1990,,2620.1382726627444,0.270038517781232,85.26869597895528,
PA,1991,,2820.545476654181,0.270515828891458,74.40860215053763,
PA,1992,,3139.899528995805,0.241444412443813,66.72407853944196,
PA,1993,,3358.4141174005267,0.186976705700625,74.26120114394662,
PA,1994,,3508.1957006921775,0.190573130158881,71.97262719428743,
PA,1995,,3513.8973785463104,0.243858603386048,69.13895993179881,
PA,1996,,3308.184303905282,0.174799664199064,79.0010460251046,
PA,1997,,3545.976703924532,0.200201312008784,72.17970871389781,
PA,1998,,3807.8386880770126,0.150609219935685,51.610594130279175,
PA,1999,,3950.341442366139,0.138366747024726,68.86462882096069,
PA,2000,,3975.093102755443,0.137185387867812,74.37466748516472,
PA,2001,,3991.7767209465464,0.124076228094074,52.771857923497265,
PA,2002,,4090.5861645608156,0.123117307933687,67.40865293784243,
PA,2003,,4264.66428949623,0.143856414123735,54.10993543758968,
PA,2004,,4644.565811775815,0.160147634592891,69.2858878666898,
PA,2005,,5017.741104148322,0.0987195742549029,67.40861506778788,
PA,2006,,5528.767058549005,0.127267314799788,63.17281683085657,
PA,2007,,6317.817305146605,0.117743566419889,60.40706319702602,
PA,2008,,7347.590490468393,0.109519193886937,65.08498054474708,
PA,2009,,7796.926183634326,0.14470191986794,59.18351409978308,
PA,2010,,8331.464222599672,0.234720390623527,59.715969118244615,
PA,2011,,9662.295909119792,0.269868830701767,55.1530299156226,
PA,2012,,11064.806366200306,0.260441253310238,65.1877252121353,
PA,2013,,12273.322498378779,0.216897753935313,60.79962045099353,
PA,2014,,13213.198959113728,0.231601530644453,58.34758264240336,
PA,2015,,14082.65484349964,0.138690460109424,67.75900922778048,
PA,2016,,14832.36116524589,0.131004580785833,68.92421458754363,
PA,2017,,15694.629751849472,0.124276365709136,74.15033508422387,
PA,2018,,16151.327343348576,0.0994393790926708,80.42265464607694,
PA,2019,,16477.906626811135,0.31611229608813,54.93835851648352,
PA,2020,,13290.560839774871,0.535097865738947,78.44740212221004,
PA,2021,,15509.80691241387,3.6647948599442,79.278975629905,
PA,2022,,17378.607001755714,,,
PA,2023,,18797.193399404456,,,
PA,2024,,19161.218850159614,,,
PA,2025,,,,,
PY,1990,,1440.1582961002937,2.70185516463716,99.97425050579363,
PY,1991,,1685.2689008262093,2.37235297949305,99.96252257163299,
PY,1992,,1682.6744477761083,2.58028051902425,99.9594709111676,
PY,1993,,1661.7095530621752,2.65203801608256,99.9554650718921,
PY,1994,,1760.288070832916,2.2446170941753,99.9807782079798,
PY,1995,,1978.7151409957492,2.63965820175389,99.7182565049601,
PY,1996,,2088.1710910223564,2.22608401252279,99.96653877041135,
PY,1997,,2078.5084131382387,2.01417230058798,99.97837370242215,
PY,1998,,1889.8845561858602,1.90038248473524,99.97838177780397,
PY,1999,,1766.3065728825868,1.75811595698581,99.9711371945353,
PY,2000,,1736.1172921076502,1.46125820906746,99.9801839527406,
PY,2001,,1637.686151229318,1.60887106842193,99.98137564269479,
PY,2002,,1367.7650693599712,2.06807979138211,99.98303326972537,
PY,2003,,1443.9988523620518,2.14219181665103,99.98306001429371,
PY,2004,,1786.215339385431,1.64919367692685,,
PY,2005,,1970.8716985237797,1.6488717465954,99.98532228432944,
PY,2006,,2439.4312469457595,1.92110670134396,,
PY,2007,,3211.9362165954644,1.74879846359446,,
PY,2008,,4384.9546943780315,1.53670993415519,,
PY,2009,,3941.848154794308,1.62701325231846,,
PY,2010,,4750.962736694582,2.08299287196264,,
PY,2011,,5805.401545429248,1.67187532266737,,
PY,2012,,5642.1699167284605,1.69034010085165,99.9973769403171,
PY,2013,,6435.683427330044,1.6980914846184,,
PY,2014,,6652.254789424609,1.68579710915118,,
PY,2015,,5879.337923087617,1.69931574477657,,
PY,2016,,5775.159633995956,1.89364402448299,,
PY,2017,,6152.267115377905,1.68483913659766,,
PY,2018,,6258.449916409836,1.51126155574886,,
PY,2019,,5821.181995487379,1.37779411178328,,
PY,2020,,5365.472207211041,1.68263325547904,,
PY,2021,,5976.93179789949,1.34701587848651,,
PY,2022,,6205.625953793195,,,
PY,2023,,6299.990265337135,,,
PY,2024,,6416.097089708445,,,
PY,2025,,,,,
PE,1990,,1199.6666675661506,9.33591696551231,76.80330243337195,
PE,1991,,1527.3887947286557,3.44013922413401,80.27206186990747,
PE,1992,,1567.4091076512836,2.84163070262317,74.85139460448103,
PE,1993,,1487.6740431417534,2.26467553978964,80.41599135602378,
PE,1994,,1879.3665775791853,3.01892940642677,81.09164250598765,
PE,1995,,2189.5343151531138,3.19428115750427,80.29608523290386,
PE,1996,,2226.916824292651,2.80473952192198,77.92959703566466,
PE,1997,,2300.6720077446143,2.59268217140284,74.42469493508665,
PE,1998,,2156.3937765161345,1.33224077596512,74.99327052489906,
PE,1999,,1916.5339736790752,2.05435185498836,77.06932773109244,
PE,2000,,1945.4133845169831,3.00673261080851,85.94044795783927,
PE,2001,,1929.5727303884632,1.87027989928496,88.54846123101518,
PE,2002,,2007.3701962675275,2.00486620297994,86.33701736078172,
PE,2003,,2129.4411419763424,3.0037165322875,85.25901445047181,
PE,2004,,2397.2514727771386,6.234603660457,77.35179024774578,
PE,2005,,2706.669472976084,7.82322862890974,72.52383804504073,
PE,2006,,3129.5599649698206,13.4308080436867,73.91802543006732,
PE,2007,,3581.089308191696,14.213314090691,66.1279865771812,
PE,2008,,4197.584446341415,12.0258973772881,60.23324052929584,
PE,2009,,4181.1875546225265,8.9210124490135,62.15033366287691,
PE,2010,,5072.114940196154,11.2141792512141,57.420154512267594,
PE,2011,,5861.3579364524485,12.7665949125059,55.84771106510237,
PE,2012,,6519.378529815272,9.99927931288698,56.8825842555015,
PE,2013,,6746.800256966015,7.65420483078558,52.67379324537534,
PE,2014,,6667.134103608605,5.66292821656372,50.32788484467472,
PE,2015,,6231.711503388939,3.91148648466656,50.99021258026307,
PE,2016,,6217.03599995447,4.40523816648386,49.29590889280504,
PE,2017,,6736.16693725487,5.8962563954339,57.227656455832424,
PE,2018,,6978.491215486268,5.95602611154103,60.93005058776432,
PE,2019,,7037.008036926039,2.49912146958912,60.13590733590733,
PE,2020,,6133.3255241018305,3.97961448773443,64.28993316704431,
PE,2021,,6826.20255614477,12.7247082349187,61.779452800056156,
PE,2022,,7350.6303430041735,,,
PE,2023,,7887.54185920108,,,
PE,2024,,8452.371670566214,,,
PE,2025,,,,,
UY,1990,,2995.3610566346547,0.60644469736533,94.96170898831117,
UY,1991,,3589.0154194263396,0.547745702244625,87.91678540894841,
UY,1992,,4101.710541552913,0.524820143871655,89.77298269273994,
UY,1993,,4753.009246826468,0.442303519058191,92.240190547825,
UY,1994,,5507.564813000561,0.375584936110432,98.81843245372194,
UY,1995,,6050.486322536444,0.44852566255986,93.57652656621728,
UY,1996,,6398.435751840946,0.381449645677067,87.1045134203029,
UY,1997,,7436.293426206825,0.401275809484488,91.1978729359082,
UY,1998,,7836.891833223072,0.327248533539315,96.14258833368179,
UY,1999,,7370.56995453931,0.301658893171144,77.11664117892396,
UY,2000,,6987.7009876625725,0.193328084228466,93.27807063784923,
UY,2001,,6382.761047408588,0.216877824747985,99.68691891891892,
UY,2002,,4149.761403126869,0.45458997663173,99.55783446121812,
UY,2003,,3671.1232925688273,0.632377734235131,99.74146170882388,
UY,2004,,4168.660654383865,0.800895044345689,81.49186440677965,
UY,2005,,5284.25677987129,0.806565485741014,87.31068592997528,
UY,2006,,6001.332947831721,1.12340438595144,64.36242816091954,
UY,2007,,7222.054036458771,1.28842123844774,86.96139901898059,
UY,2008,,9423.965625958926,1.56798161399914,61.355758266818704,
UY,2009,,9881.395731270806,1.34673827245616,69.60101534556364,
UY,2010,,12641.057684900788,2.02169884847788,89.09721575565696,
UY,2011,,15132.267572558721,1.43709496222999,74.61803944315545,
UY,2012,,16259.594081425614,1.17962644777555,64.61209662200416,
UY,2013,,18335.259477232237,1.29138043579779,84.03859348198971,
UY,2014,,18322.427676715724,1.45872376049256,94.53656096059113,
UY,2015,,17125.901680029787,1.85218241655473,93.03452545706169,
UY,2016,,17009.75842072758,1.74168715941962,96.45757095519377,
UY,2017,,19184.650261708244,1.82938511988003,98.28758443005363,
UY,2018,,19249.94046775007,1.97299244228802,97.36383531664615,
UY,2019,,18315.731698002815,1.70632780467724,98.0227300956403,
UY,2020,,15757.53559957787,2.29343009292959,93.7486387049301,
UY,2021,,17881.81872109899,1.92773520463627,84.35379806189435,
UY,2022,,20818.614609114353,,,
UY,2023,,23019.42215600459,,,
UY,2024,,23906.51330294079,,,
UY,2025,,,,,
VE,1990,,2451.5523114567022,29.2548511239111,62.34385799295359,
VE,1991,,2632.5396981410595,16.6639894189064,70.32540221355606,
VE,1992,,2907.303344394341,15.7571776112482,70.09341637010677,
VE,1993,,2824.6914436644097,15.7932181812518,68.42985212302902,
VE,1994,,2688.9832514529526,16.2198265911409,72.00685191165526,
VE,1995,,3486.983506359194,15.1363210095652,70.0514663834654,
VE,1996,,3112.8258481059984,23.8367720643582,71.23749801555802,
VE,1997,,3710.826883550958,18.0963540802062,73.35938000384296,
VE,1998,,3869.982588488938,9.06347009522954,71.59649946849275,
VE,1999,,4070.906191894842,13.269532614572,75.16465524726195,
VE,2000,,4776.281676393798,20.5761295010598,73.74840215313529,
VE,2001,,4920.393136004533,15.3442903568827,67.06798788268844,
VE,2002,,3652.0989650186507,19.4545884689745,64.81513739493968,
VE,2003,,3229.5055708207888,21.8955843439596,65.83572609414426,
VE,2004,,4269.089708723917,23.8297115705399,70.94119195375535,
VE,2005,,5432.485418465401,29.2230041014033,73.28606809382828,
VE,2006,,6739.380653422185,28.0774680117788,73.90088931553494,
VE,2007,,8331.620969918438,23.1186941835454,72.72463971141892,
VE,2008,,11262.451425675888,23.9223070628002,72.79654978750514,
VE,2009,,11596.602192173088,10.5416668243022,71.66092313335167,
VE,2010,,13646.304662266413,12.380878328857,67.242625937084,
VE,2011,,10843.922970316738,24.4753357613612,70.70046725418459,
VE,2012,,12607.236124624285,18.7812359044725,67.0600784236679,
VE,2013,,8656.356697236675,17.6253449138361,65.96440553278524,
VE,2014,,7096.220471055118,11.8465082797294,77.53691229896023,
VE,2015,,4103.138498700504,,65.53966478494154,
VE,2016,,3670.157378482079,,62.32403609515996,
VE,2017,,3791.331606820766,,51.47466408466256,
VE,2018,,3422.6546701485363,,63.29327942087586,
VE,2019,,2523.112752306666,,65.92180355462486,
VE,2020,,1506.0436210041037,,84.45121523562892,
VE,2021,,2004.9339794979212,,81.72207575243415,
VE,2022,,3155.0420709968707,,,
VE,2023,,3617.4359457826904,,,
VE,2024,,4217.5910264339145,,,
VE,2025,,,,,
