iso2,year,superficie_forestal,co2_emissions_moreno,vab_manufactura,vab_agricultura,vab_servicios,huella_ecologica,impuesto_medioambiental_moreno
AR,1990,12890342,100.1958,45112679993.17275,8.123676207874885,143481270368.416,221397615680767.0,
AR,1991,12863367,105.6018,49793646467.20342,6.716491760094313,156952124617.02563,224067773793743.0,
AR,1992,12836257,107.5265,54866978634.77191,5.990787091479338,167847716169.59113,226902218925727.0,
AR,1993,12809014,111.2874,56804377641.03993,5.136826482117787,180082672363.04776,228384839780987.0,
AR,1994,12781634,114.6933,59360367902.77613,5.082668000310752,191588211099.4245,225923138448572.0,0.48697254
AR,1995,12754118,116.2841,55107442936.30413,5.351464616272997,187095751608.66367,228542929192507.0,0.569752308497507
AR,1996,12726465,126.592,58662907786.20651,5.610866113233614,197717799168.0492,22585912862296.0,0.685647189726773
AR,1997,12698674,130.9503,64031404788.79672,5.22197210944516,213288187972.35367,22607595271123.0,0.7475755687028
AR,1998,12670742,138.0301,65215189236.85293,5.252722569876225,223315095295.6911,237416880680934.0,1.03645739454237
AR,1999,12642671,139.931,60044363410.41944,4.457826102291524,218976224590.2875,23444022304544.0,1.14296690557781
AR,2000,12614456,136.7561,57748736303.00665,4.679910944172974,219727513388.3414,235565311328153.0,1.13598759456854
AR,2001,12537304,131.3266,53497281607.21426,4.5685896089178595,210173098034.73727,235166220791142.0,1.38371246617048
AR,2002,12460022,124.0151,47636536297.70445,10.206646714441103,189754172217.5926,235372510713775.0,1.54901478483
AR,2003,1238261,135.1954,55242751606.90397,10.328166939116995,197810815773.9987,23976794801702.0,1.27186353150959
AR,2004,12305068,149.6663,61858654534.98252,8.362486610028256,211414792957.2829,238542862955324.0,1.37626820846544
AR,2005,12227395,153.6289,66450520964.18954,7.9387542742093835,230654624320.39584,25096161349621.0,1.03955349772083
AR,2006,12149589,162.5613,72497376415.56277,6.935572291263924,250272786353.9482,251150928686468.0,1.14171888473699
AR,2007,12071654,173.0862,77959305197.54895,7.4523539460692305,273019258918.30756,259224187143957.0,1.10848777355415
AR,2008,11993586,179.2241,80782289948.48691,7.318954597243597,287022502498.15076,254390000142063.0,1.0244040314141
AR,2009,11915386,164.8204,74917637563.8265,5.273623468901396,281125224591.53485,226758825636566.0,0.982166121574749
AR,2010,11837053,177.3162,83089610067.77629,7.1321674507896375,301056506853.30634,258167921146325.0,1.00264886855013
AR,2011,11786932,184.8342,89459765618.19478,6.9987337702251935,320459077624.79926,2574626768755.0,0.990570202846925
AR,2012,11736716,188.8365,86853510751.15005,5.781744206850099,322602157381.20337,251614818835717.0,0.845563170334555
AR,2013,11686407,193.179,88159380793.32439,6.052918436704514,328763090916.09814,252171740271708.0,0.834089768314268
AR,2014,11636004,190.0264,83703763913.68245,6.712703514285585,323356984479.67914,253782324046605.0,0.81283991150665
AR,2015,11585506,196.1938,84344878153.77855,5.156685902140803,331958726542.6797,264149401253808.0,1.00386955374373
AR,2016,11549088,194.1404,79620603665.37839,6.2645658201025425,331929726490.6675,259866849266975.0,0.957883726401707
AR,2017,11512613,191.3736,81670094128.59581,5.231622377250584,340471758378.91003,26491328651287.0,0.988377654092241
AR,2018,11476082,189.8171,77745909363.68687,4.5378788968114625,337792005842.4008,245841270763835.0,0.893681056985929
AR,2019,11439494,183.2687,72959443199.89766,5.318555996734804,327481460088.8498,269745045554865.0,0.932325266201205
AR,2020,11402848,168.1154,67344154176.67406,6.3570336757552655,292895704492.8226,26331468036905.0,0.899868141471166
AR,2021,11373415,185.676,77964250990.14877,7.291282496220415,320968997286.1706,260843975647649.0,0.882382900080944
AR,2022,11343912,195.0411,81650069627.75847,6.541569404848367,340150605437.10144,265012530886624.0,0.758156009225757
AR,2023,11314337,189.8908,79987406067.30307,5.846778603906901,342961174330.6983,264971192183844.0,0.739903111530535
AR,2024,1128469,183.272,72937193328.06464,5.806017109159592,335748978023.70245,26492552681501.0,
AR,2025,11254972,,,,,,
BO,1990,1422212,6.5843,1279459356.396345,15.353599269310273,5443550577.013566,181457525358168.0,
BO,1991,1419518,6.8994,1341128641.2003777,15.54209575314211,5679569483.203025,181190160489887.0,
BO,1992,14168108,7.4305,1342175555.552493,14.404204305204605,5916395184.295649,182122578926559.0,
BO,1993,141409,8.8889,1396937503.6181524,14.647962291689861,6169169385.158821,182011265781052.0,
BO,1994,14113557,9.5941,1472540593.2794876,15.244286726674197,6435807512.92287,181690874118561.0,0.067946764220883
BO,1995,14086078,8.6741,1572581599.2842453,14.859299108332403,6671891753.972394,181544202304478.0,0.0633595601452392
BO,1996,14058462,8.3856,1649079022.918133,14.184679383774897,7039298352.8713665,180817780301219.0,0.109594835723119
BO,1997,14030707,10.1676,1682397566.6927183,14.918259234341358,7566191019.6242075,180254671235777.0,0.174019637571034
BO,1998,14002813,10.1749,1724203760.3907766,12.625431376212054,8034724971.606797,179622117332842.0,0.219076106206556
BO,1999,13974779,8.8772,1774645056.050052,13.257991579513911,8380990327.9405365,178518312238621.0,0.363623480684063
BO,2000,13946602,8.2048,1806412838.0987763,12.965811884223765,8529782707.432486,178206789411236.0,0.441500689532091
BO,2001,13920854,7.9363,1854956500.7595766,13.255653666174243,8671994437.943901,178889067284285.0,0.477824337424392
BO,2002,13895063,8.4679,1859605513.5666642,12.955118631020953,8789645954.260384,178468816330312.0,0.842276954569905
BO,2003,13869228,9.0191,1930388108.438627,13.427236956279101,8896231370.531435,177467473510642.0,0.892321802503207
BO,2004,1384335,9.4522,2038115228.960644,13.322383638847707,9100907975.668333,176151756484989.0,0.750970030411429
BO,2005,13817428,9.9372,2099345334.7813148,11.792721532911195,9301564262.148819,175565068240778.0,0.360831914359766
BO,2006,13791463,10.7816,2269234844.8260326,10.93754805462884,9670199850.179026,17527520896965.0,0.431371725158993
BO,2007,13765453,11.996,2407444438.411921,10.011155665671996,10108928866.529804,174419177283051.0,0.41337310976237
BO,2008,137394,12.8434,2495560340.231419,10.442404115522647,10515335346.426142,173866964763096.0,0.395045697120277
BO,2009,13713303,13.6594,2615612575.6008806,11.152407449731106,11031311198.851416,173951724891949.0,0.46024976136934
BO,2010,13687161,14.7927,2683339216.001312,10.389905701059378,11600596728.910257,172237208137154.0,0.327000230415539
BO,2011,13661201,16.0948,2781952345.1185656,9.769585881695395,12128471180.487225,171107097386916.0,0.252568541300239
BO,2012,13635194,17.0414,2913965485.383352,9.812161914832803,12781923585.559008,171561302031075.0,0.422847651491446
BO,2013,13609138,18.1017,3091287623.335221,9.966979476846303,13591022671.366558,170256386421153.0,0.46021753048444
BO,2014,13583033,19.463,3215932948.1652284,9.740217537701692,14313948047.93723,169545184372481.0,0.35806722674334
BO,2015,13556879,19.9523,3363113183.7916064,10.239494114445522,15172303241.678726,169363328646199.0,0.49591832978738
BO,2016,13513867,21.3607,3571116090.691163,11.17187541505321,16017297401.882477,168259091075958.0,0.430569104338422
BO,2017,13470787,21.7833,3688497436.7979712,7.677137224747516,16801383753.551342,166722507191534.0,0.43339619209894
BO,2018,13427641,21.9655,3800105689.838568,7.45035399971013,17283029921.05194,166993145499132.0,0.444020692414332
BO,2019,13384428,21.9997,3895002515.3097334,7.632882645016053,17596618837.54125,166215336212444.0,0.478122411260284
BO,2020,13341148,18.5659,3336017029.2701483,9.124055868346664,15792002936.737915,165297051718094.0,0.335670366934498
BO,2021,13299567,21.8696,3735303118.773436,8.810019122557634,16919531856.551165,165862340642503.0,0.378733931643687
BO,2022,13257885,23.3823,3923373238.7523794,8.660284813061772,17835523102.387123,164950832428809.0,0.289051000977819
BO,2023,13216102,24.4241,4083016648.021752,9.310980097565514,18399627589.35438,164918726519717.0,0.38917436892665
BO,2024,13174219,28.4356,4128908101.9468765,8.826258842804807,18563742510.49107,164883521727891.0,
BO,2025,13132235,,,,,,
BR,1990,142382555,226.8889,141046933738.71722,6.963436719172764,583138772688.994,19433284107443.0,
BR,1991,14140178,235.2647,141257632276.02335,6.841389377301528,594568292615.4585,193119527437773.0,
BR,1992,14041615,238.6958,135401449430.78403,6.806084884083033,603605730670.5702,194312008024313.0,
BR,1993,13942563,249.3297,146652858016.46548,6.778109238839819,622981474625.9684,193795823986368.0,
BR,1994,13843019,258.7499,156851172570.35605,8.721989375176728,634210852708.7327,192581532692929.0,0.0838468896905131
BR,1995,13742977,280.029,159979123850.4974,5.0116664646569316,642443673724.9386,191649751078293.0,0.121048942810207
BR,1996,13642437,300.6344,160107460327.769,4.768411208331665,657214338134.1996,1908229985628.0,0.116303306253619
BR,1997,13541391,319.2483,164099592260.21753,4.685047025481692,673869686061.2981,190147605375688.0,0.194753766826786
BR,1998,13439839,328.5588,156155294186.99594,4.750044787566312,683448619136.9899,189405943115078.0,0.418933992868498
BR,1999,13337776,335.9148,153246744071.1682,4.645981538206647,695889538163.875,188473770294557.0,0.382399597292061
BR,2000,13235197,349.4076,161965845835.75778,4.7504599720911,722658683903.7405,187494197759102.0,0.44802873882617
BR,2001,13162145,351.3367,163121291197.49353,4.801043018955078,737572293000.0337,188540307254043.0,0.903438441
BR,2002,1308897,351.437,166535427852.82925,5.475274894762806,760601878042.7505,187427717512518.0,0.890202024032653
BR,2003,13015672,346.5055,170964220179.62906,6.167184387424183,768141874861.5793,186453583972685.0,0.935004743661469
BR,2004,1294225,365.3106,186492593656.58383,5.665311576788951,806622370173.5828,18449287304367.0,0.779454696439056
BR,2005,12868705,369.2574,190675077828.67123,4.65116882266178,836149817628.0897,182651832756073.0,0.45169410804191
BR,2006,12795035,373.6873,193027245112.7303,4.370043778958069,872365515696.1088,182366779781009.0,0.536283482438412
BR,2007,12721241,393.1254,204881645513.78937,4.416915436172349,923193990546.4642,182027104267303.0,0.481834096778887
BR,2008,12647323,412.7913,213383310311.1475,4.567851181047225,967729045305.4347,181706183191375.0,0.413034171677738
BR,2009,12573278,385.5933,193615573834.357,4.476773992144533,987730299258.8975,179540928232964.0,0.580940873581299
BR,2010,12499108,439.9219,211408912702.26807,4.115756486470549,1045054736932.8506,17918056347566.0,0.561743548534806
BR,2011,12465118,463.643,216159660370.34583,4.34203412828906,1081190874194.9119,179089586581478.0,0.309147184784296
BR,2012,12431066,497.9036,211017891926.1159,4.168328224241085,1112576871502.6533,178065724175327.0,0.445722677457679
BR,2013,12396949,523.4755,217376496201.12375,4.506886181659561,1143215322423.9714,17808646479648.0,0.461485398879039
BR,2014,12362768,546.4394,207187988125.6831,4.325610538773615,1154480605454.5935,177015835606507.0,0.478429291847583
BR,2015,12328524,517.9408,189609597292.81763,4.3191494293122075,1122919858811.2156,177039242099263.0,0.540326401357824
BR,2016,12275172,482.7112,180570864419.2203,4.8913535872106575,1097975949865.4501,175392009652295.0,0.568345905041914
BR,2017,12221738,494.7579,184741224204.5316,4.600591695204804,1106382748074.4822,177069424524434.0,0.566915913207439
BR,2018,121682205,471.0836,187314291723.85367,4.420399303460195,1129474546217.1711,176710005156737.0,0.47026233829296
BR,2019,1211462,468.5794,186516699449.06503,4.205014095108697,1146553350698.0508,176403296320333.0,0.489465658071561
BR,2020,12060937,447.921,177812870193.1411,5.711485115159201,1103693957535.1704,176280193159025.0,0.457915542974576
BR,2021,11997181,506.2334,184529947607.23505,6.558762612073814,1156703842193.123,175497183763009.0,0.47974339124297
BR,2022,11933271,479.2664,183521261797.72235,5.767474908422181,1205941107645.3625,175259408071113.0,0.38564626890605
BR,2023,11869207,480.235,181185213270.31897,6.023060235141567,1239435032294.9512,175225830575096.0,0.396979617910686
BR,2024,11804989,491.4688,188201970789.66833,5.752276409424899,1286282442539.822,175189097745207.0,
BR,2025,11740615,,,,,,
CL,1990,38703406,33.2212,10588521465.800467,8.164882547276887,37389471698.12408,575163696482061.0,
CL,1991,3894056,31.7926,11153648780.713375,9.162728308021869,40641077346.98352,580941109789277.0,
CL,1992,39178893,32.8748,12426711077.600285,9.089227022579886,45546669224.890686,581721542025472.0,
CL,1993,39418405,34.9064,13328292500.034668,7.929479702999734,48201656177.91466,579398591883391.0,
CL,1994,3965911,38.1389,13872328137.853184,7.444784229758482,50683607078.216896,587898339950986.0,1.17021573352507
CL,1995,39901015,41.7893,14917432886.383545,6.967403126201504,55797556890.88152,585391521918169.0,0.873800935169422
CL,1996,40144128,47.8929,15396883702.52023,5.01955878065988,52034043645.9875,581620133694695.0,0.962605129415037
CL,1997,4038846,54.358,16191030007.600344,5.006550218335102,56299435233.15648,586175896587377.0,1.05247811403558
CL,1998,40634018,54.8619,16112943423.711899,5.394231866747977,59435604229.93209,591949177292128.0,1.39132469976368
CL,1999,40880814,57.3953,16165043525.589289,5.294043319776044,60549073774.78785,578306690207025.0,1.45909094154343
CL,2000,41128856,53.8569,17155031808.96791,5.0829624305111825,63841612115.9572,582882844073755.0,1.48469728599967
CL,2001,41308394,51.6629,17273692055.302483,4.062420264161446,66602966537.00721,597976847233346.0,1.58378608993765
CL,2002,41488236,52.1984,17527935367.628197,4.065033247532842,69863500606.02237,601074731468461.0,1.90510478315326
CL,2003,4166838,54.1255,17877522432.61903,4.094775330938245,74222767638.74236,601588429224078.0,1.78844657205134
CL,2004,41848826,58.5003,18726240028.119335,3.758265825403353,79798966439.13057,605281364319285.0,1.4645087718688
CL,2005,42029577,59.1432,19585235337.177975,3.9222119378950295,85673657058.00447,606762261751968.0,1.30289566638925
CL,2006,42210636,60.3603,20496097585.699326,3.7120451436571402,91990655003.95377,608245257066143.0,1.57209899190495
CL,2007,42391998,67.7521,20848179565.42292,3.55057108879902,99738079601.7649,603612012822602.0,1.42325391433747
CL,2008,42573667,71.324,21476176937.40139,3.4244322613297844,106623679078.57469,602440837764302.0,1.32615758010231
CL,2009,42755646,68.2258,20502782049.029285,3.6971269558848636,106146141560.35071,597914706504645.0,1.23536153992704
CL,2010,4293793,72.323,21206188602.570587,3.4782846318978557,113686243791.05466,612446382710553.0,1.25859386524788
CL,2011,430632,79.0753,23262942261.085773,3.6261832358388064,122518873082.25453,615816452568864.0,1.08760336278995
CL,2012,43188703,81.3485,24464332361.54727,3.274933539617523,130294862999.04906,609308104256121.0,1.2364913525785
CL,2013,4331444,85.4109,24703215078.555893,3.4733753278992627,134456477742.17007,618117965444382.0,1.21856212472656
CL,2014,4344041,78.7046,24826169768.94977,3.9466206299946176,137887817451.86636,613204049271459.0,1.24967366962821
CL,2015,4356662,84.3798,25212084679.686172,3.7094042753649,141456955447.6965,618668462052039.0,1.28168521197445
CL,2016,4358566,88.8653,25189001826.21691,4.1990893712919615,145040615518.44437,621937659070152.0,1.32945208685613
CL,2017,43604735,89.7525,25427044755.422302,4.2809716137703715,147401786286.79245,621971109481682.0,1.27708698420047
CL,2018,43623835,89.8194,26755002590.26689,3.9274359246112347,152615296036.79068,628038365253638.0,1.18780550885814
CL,2019,43642965,95.2476,26275565520.353004,3.9878121713789962,155080418075.27753,625708564286104.0,1.29497937729362
CL,2020,43662128,87.5108,25701217890.112366,4.045426844099469,143153858938.68372,620942304294976.0,1.29149274876467
CL,2021,43702915,89.1084,27167535174.2836,3.505864368136149,165210295148.66885,624367409975301.0,0.998720991975087
CL,2022,437438,90.4279,26498854524.187866,3.2346792584916213,174153416733.6922,620116606065346.0,0.817558468458568
CL,2023,43784785,77.0074,27281504507.970287,3.4902273336242464,176051682751.34927,619981762842585.0,1.10699211042329
CL,2024,43825868,77.8226,28031372538.265656,3.9123635123516083,180419277634.8271,619834910010704.0,
CL,2025,43867052,,,,,,
CO,1990,14988446,53.2018,21558389806.681847,17.06678100070274,58601047407.90796,184047671900165.0,
CO,1991,14966993,55.0259,21610706883.466793,17.454798161242806,60472732962.51124,183963173384463.0,
CO,1992,14945436,58.3317,21161592626.186295,16.793943391758607,64075162006.69085,186253043014824.0,
CO,1993,1492377,61.6574,20895845489.654728,14.967829238650184,68166577780.243034,184559374486347.0,
CO,1994,14901997,61.3112,21277012463.151745,14.831537866705546,73648025198.49947,183842774366745.0,0.600683504913073
CO,1995,14880116,63.9859,22534519358.211163,14.018065965144185,78956955247.59662,183952231814131.0,0.536941481724255
CO,1996,14858124,63.1794,22117823075.00562,12.768819026018994,84607519935.68562,183553461552141.0,0.603930855168082
CO,1997,14836024,68.3639,22210423649.681503,12.60647114921865,88960291253.56314,183730631248614.0,0.489528309474443
CO,1998,14813812,68.74,22146453244.922066,13.235789654803293,89163469382.84488,1845004007443.0,0.625847943252299
CO,1999,14791487,60.2407,20292679153.72635,13.000771517145399,85749949202.6474,18373793073349.0,0.977882151
CO,2000,14769051,63.4164,22657134552.209396,8.3057195333068,86977463526.82135,182854306404839.0,1.03765717543183
CO,2001,14754568,63.0335,23316954376.586388,8.320972676676215,88683912084.09082,179079977218274.0,1.27150229829012
CO,2002,14740062,60.5863,23815628151.54675,8.510005176848482,90750574170.35388,178791578515973.0,1.30974066338144
CO,2003,14725531,60.0512,24981739563.87461,8.328774165121446,93916203561.80608,178661795304889.0,1.24406633957659
CO,2004,14710976,60.0947,26966472907.341087,7.910983162313736,98888236836.4016,178496079938167.0,1.26271667606861
CO,2005,14696395,61.8883,28175839429.44936,7.527266701779512,102804320049.45636,177867451564288.0,0.88741205413515
CO,2006,14681791,59.0498,30230342918.11099,7.186769530717707,109492306996.3032,176347820941084.0,1.03594572898108
CO,2007,14667162,61.245,32577356933.651127,6.934558675957862,117070590945.78151,176598536776821.0,1.10643537486161
CO,2008,14652508,61.1976,32693704636.985596,6.687384850405201,120879792869.37144,176394902354169.0,0.918174166663804
CO,2009,14637829,65.3215,31495578601.08049,6.689740696288085,122548415887.41281,174654098773631.0,0.937355268168534
CO,2010,14623126,68.1511,32088623634.37781,6.32485387641069,128890277534.9982,174087034096321.0,0.955709595640352
CO,2011,1461446,73.1683,33881618335.293945,6.09169610822215,137183425116.24944,172304314656305.0,0.824024726742641
CO,2012,14605777,73.6027,34162822345.54747,5.582687053549325,143133935398.07343,172497953583299.0,0.774887477187843
CO,2013,1459708,83.6349,34678545394.18364,5.392714954494723,150924490079.02716,175847908070074.0,0.828160915840496
CO,2014,14588364,84.9188,35680813384.036674,5.446957214744208,159235144524.72995,176550963294543.0,0.771619324469329
CO,2015,14579633,86.2165,36395677015.809586,5.980424808498158,164988337855.1309,176523881072019.0,0.880238748968012
CO,2016,14550704,88.4935,37569001660.40828,6.606412266057871,168909146039.59967,176095640907269.0,0.883308156791286
CO,2017,14521729,80.9994,36886598673.13934,6.389663552681182,173214375789.31775,173932123487115.0,0.865221065544598
CO,2018,14492708,85.3965,37430770376.50934,6.225709689600331,179546389825.6491,174676847333247.0,0.858559818487834
CO,2019,14463643,86.0607,37880477957.10934,6.410720821683137,187464963452.90503,175156411187911.0,0.862378041389156
CO,2020,14434533,84.3026,34376916708.7366,7.508480466633483,178007244659.2809,174253567890751.0,0.775216230672712
CO,2021,14419861,92.1683,39049790611.93788,7.771873013850016,199251095218.5895,171684355673832.0,0.81844284537445
CO,2022,14405153,88.3446,42236039942.1257,8.831544736890406,214428817245.4251,172003505753419.0,0.746104696856595
CO,2023,14390409,92.7973,41078398530.26488,8.807922946530335,218240936979.75696,171976567249364.0,0.716583036468305
CO,2024,14375631,95.0793,40222750530.19383,9.282796359922107,222664702790.86594,171948921058615.0,
CO,2025,14360816,,,,,,
CR,1990,6351374,2.9164,3681320806.560583,15.787421160150018,12297770754.080853,757709173326184.0,
CR,1991,63878946,3.1538,3758607167.465648,11.944556990087086,11064184680.876047,758634918148454.0,
CR,1992,64245954,4.2433,4131649849.9554315,11.900149109397384,11948635415.561638,764490146576581.0,
CR,1993,6461479,4.2651,4343029463.012351,11.828230011597718,12769963202.289442,754555456534339.0,
CR,1994,6498545,5.0045,4423289113.889513,12.319967978545554,13362019883.471508,75220843064397.0,0.383613959994072
CR,1995,6535796,4.9676,4578063678.629947,12.758127450194658,13750885676.89136,746667164974853.0,0.459304318319543
CR,1996,6573234,4.7451,4553784690.263242,12.102496408445306,14003490566.552504,744043645723606.0,0.385002383822902
CR,1997,6610859,4.6808,4896113898.379596,12.503091336030103,14668587350.867525,735677148985895.0,0.43124194741748
CR,1998,6648673,5.1796,5185160128.935248,12.618968848322002,15560946601.99509,744565483576679.0,0.577335714342326
CR,1999,6686678,5.1692,5296321591.7780075,11.109692963448312,16508804447.368082,73193872287199.0,0.580889149650701
CR,2000,6724874,5.1314,5465373705.031359,9.24882318534345,17309845587.37902,732613786182611.0,1.00741260614249
CR,2001,6738016,5.5322,5434443764.344254,8.379536270073837,18052190788.709812,736066092627002.0,1.23855968747133
CR,2002,67511804,5.6463,5622886277.289105,8.427750290184372,18894024802.12324,71995988097083.0,1.10122718
CR,2003,67643665,6.0688,5699964505.24636,8.840078008715135,19771413852.777866,724855179724577.0,1.24205624949405
CR,2004,67775756,6.1802,5929138403.236777,8.852408768002377,20775000961.97955,731750560873965.0,1.23532987825381
CR,2005,6790806,6.3561,6142115919.113648,8.622236946267266,21790038267.79665,725163766469663.0,0.878609770778332
CR,2006,68040594,6.9054,6390884610.828146,8.429828197066335,23479990751.57614,733921281063168.0,0.933453605594638
CR,2007,6817336,7.7137,6571962691.923149,7.915311043429034,25553700356.540478,732331732768763.0,1.06611252601174
CR,2008,68306334,7.6303,6421666669.68355,6.9769604693420515,27488173086.35938,726086829047299.0,0.896895326606377
CR,2009,6843954,7.3188,5908737100.021772,7.049629700662079,28132913331.094013,7221803838008.0,0.897385729418647
CR,2010,68572976,7.2362,6312553607.543413,6.485189408359466,29853688588.425762,725077911380949.0,0.917404038893957
CR,2011,6898815,7.6984,6549894298.866868,5.59987212230861,31367970438.074017,73518451306655.0,0.663907202856393
CR,2012,694041,7.6394,6818477767.546171,5.13084191429059,33125327116.19476,747819759715372.0,0.628107311663856
CR,2013,69820836,7.9353,6814050189.655849,4.783350932948526,34694167788.383385,739723469737357.0,0.771259202880026
CR,2014,70238344,8.0462,6830655534.077661,4.887883789831394,36277530230.80802,752970497619002.0,0.753264979008598
CR,2015,70656635,7.7578,6551259867.798867,4.749110429048406,37984260774.12326,749521901058207.0,0.852315299059156
CR,2016,7079561,8.2325,6829694005.482634,4.9143557868633,39598673250.26246,763340188019289.0,0.871410492388476
CR,2017,70934795,8.396,7099894083.890714,4.6997763315990095,41607733594.795105,758266630295239.0,0.861647803353042
CR,2018,71074195,8.4405,7398416600.9111,4.4838283372217305,42790140957.76025,759204495912604.0,0.828964398346635
CR,2019,7121381,8.193,7621018704.219235,4.202051163024645,44351858813.52721,747437212618773.0,0.793645631671708
CR,2020,71353644,7.1754,7784317417.105638,4.344225560354967,41915946322.69653,760816644792882.0,0.746044983722528
CR,2021,7152405,8.0531,9188901473.927069,4.366713259371273,44470210818.429276,78151650783465.0,0.667250904390987
CR,2022,71694866,8.1977,9501134250.24792,4.140073620900854,46947107876.393524,772224646693245.0,0.564106262549267
CR,2023,7186609,8.0978,10299205401.14919,3.8004765728883916,48928450337.87799,772266030981024.0,0.663859871876262
CR,2024,7203773,8.3763,10861164972.114328,3.562426141678225,51093687497.49038,772312837466019.0,
CR,2025,7220978,,,,,,
CU,1990,53228565,38.665,9543138455.388365,13.040549053701477,,101205135142923.0,
CU,1991,54253127,30.1272,8637196363.965471,12.775946796913013,,975879403996973.0,
CU,1992,5528276,23.9171,7211545854.651458,12.426619379304297,,926840571313044.0,
CU,1993,56317504,21.8742,6382932809.416733,9.57115301865687,,839292218737965.0,
CU,1994,5735739,22.5031,6870352120.507485,7.8998077016052894,,832979064648365.0,
CU,1995,58402464,23.9447,7311703133.3277855,6.883297723111164,,810897466865309.0,
CU,1996,5945276,25.934,7887968795.980127,7.133444054010364,25124251594.546253,86951936073542.0,
CU,1997,6050832,28.3832,8375185430.720973,7.1868114983827445,25589481600.512196,874336029034566.0,
CU,1998,6156918,27.863,7694488614.974603,6.1174220512051845,26757872846.044586,874217563434157.0,
CU,1999,62635385,28.6425,8247881602.398606,6.124179678630013,28223286496.064632,988799313608917.0,
CU,2000,6370697,28.9959,8672347908.164688,6.601255013839177,29617014695.73944,102888299045847.0,
CU,2001,64966165,27.8233,8620236284.389668,6.379567204504709,31249074448.53629,106829257623096.0,
CU,2002,6622748,26.5653,8633219111.0741,5.945728703055924,31931164611.20533,109488677968648.0,
CU,2003,6749092,25.7977,8462098242.691768,5.74521185921362,33584850458.028015,116465246606254.0,
CU,2004,6875649,25.3168,8671987274.090118,5.474439180169097,35896632552.98012,118564095971372.0,
CU,2005,7002419,26.2056,9495959499.736269,4.363652218426943,40989118338.88595,108779773323278.0,
CU,2006,7129403,26.7903,9938534143.971577,3.405014523309343,46142191916.098335,108258666004562.0,
CU,2007,72566025,27.6113,10897279831.209576,3.9081016792397776,49867562857.776024,114485029670176.0,
CU,2008,7384016,26.6685,11466180083.839985,3.8170386950036423,52001442704.79293,112908542358637.0,
CU,2009,7511646,26.9425,11570944282.501877,3.9304123711340204,53346996175.422615,102765695071627.0,
CU,2010,7639492,28.1815,11697166208.60054,3.6142892675040414,55454356432.6852,997900652370702.0,
CU,2011,779417,27.7479,12158777824.047085,3.6048702710537763,57064474382.05437,109027511405892.0,
CU,2012,7949136,28.8886,12425647039.227118,3.850097756388346,58661963955.35005,114833454615769.0,
CU,2013,8104392,29.0223,12681697232.170124,3.9249235236169437,60028985665.30466,117437722295654.0,
CU,2014,8259938,26.9056,12223691957.469255,3.9377058895731385,61427578315.44297,122225616334881.0,
CU,2015,8415775,29.4411,12990400000.0,3.8357541591685336,63396500000.0,123277852256853.0,
CU,2016,84665425,27.3043,12315473329.44671,3.9383388809409046,64183405684.07896,123223526973173.0,
CU,2017,8517389,26.5091,12182646750.906414,3.8001810121052806,65535509809.087364,123669627469955.0,
CU,2018,85683145,26.7819,12071143743.92715,3.782372948089321,66927867514.2488,124784451690691.0,
CU,2019,8619319,22.292,11334728963.660086,3.5673263229544143,67891728318.05744,125315488458643.0,
CU,2020,8670402,18.4817,9683024902.140417,2.7619420225054028,60279974639.76515,115705665925093.0,
CU,2021,8686097,21.7552,8155739596.346575,0.8820325080976783,62759871991.19551,112478832650382.0,
CU,2022,870183,19.7637,7603969462.258126,0.8006722551031208,65435509171.76486,118151325390236.0,
CU,2023,8717601,20.0277,7082853224.507925,1.4057874013374094,64403139427.757576,118118988572451.0,
CU,2024,873341,21.0042,6368797756.864051,1.2397463719349742,64369989940.56468,118083537507144.0,
CU,2025,8749256,,,,,,
DO,1990,49087923,8.0187,3834532126.42089,13.422823866357666,12539789409.05568,517160173634467.0,
DO,1991,4928675,8.3924,4021301075.9320197,12.505731164082473,12058517740.053934,503533925607234.0,
DO,1992,49486563,9.7438,4419652649.4839,12.012837108294248,13177667284.694658,514050979890328.0,
DO,1993,49687363,9.6205,4541174440.361608,10.781496190242454,14139152846.710794,505098243162208.0,
DO,1994,49889162,11.2454,4647320313.844506,9.994485201392763,14655155955.556326,503365523611745.0,
DO,1995,5009197,11.9581,4873220000.806587,9.814777609557146,15547905907.585867,510003030852141.0,
DO,1996,50295793,12.8696,5172017903.133793,9.19340246436474,16259050648.611732,526846986026586.0,
DO,1997,5050063,14.6454,5736112749.104613,9.144299034862161,17658322465.046272,517240478874316.0,
DO,1998,50706502,16.7942,6114732989.366972,8.991809962449754,18289514115.596252,524131552371178.0,
DO,1999,50913412,18.2069,6616983430.356509,7.82103071357272,19346060491.44337,52190428848001.0,
DO,2000,5112136,19.0138,6889627876.640001,6.718342047478938,20103125719.614056,538152231824559.0,
DO,2001,5121272,19.1483,6679000120.089798,6.997518612709746,21270213311.995094,55852204190324.0,
DO,2002,51304232,21.0187,6995381335.98378,6.805119218290372,22224573852.61697,565768150122999.0,
DO,2003,51395897,18.7928,7053983294.6404505,6.6938498439482625,22404817752.67601,566264680737405.0,
DO,2004,51487718,17.4255,7498385076.697353,7.020472992553918,23135725972.32778,56387198873724.0,
DO,2005,51579695,18.79,7955366458.768132,7.21193528375622,25113007881.215134,541433944143539.0,
DO,2006,51671825,20.5794,8045093395.515766,6.858719319675203,26863996944.036823,565719329836923.0,
DO,2007,51764112,20.7545,8191152860.591469,6.511573910567052,28821110891.756027,563122387371624.0,
DO,2008,5185655,20.7204,8475994749.808531,6.270991801216967,30445305763.127537,555851195619685.0,
DO,2009,5194915,19.8411,7919261090.42487,6.010213739709524,31258391337.585777,576360601722662.0,
DO,2010,52041907,20.9277,8498455485.662027,5.874931785049122,33848743937.69422,591742745997521.0,
DO,2011,52226476,21.1274,8666785610.347097,5.4136207001604015,35137372571.0444,605071792382531.0,
DO,2012,5241139,21.8849,8602753634.786242,5.138927057864173,36710041643.76139,618457318451192.0,
DO,2013,52596647,21.4839,8731119215.043758,4.994105884256287,38037292378.89152,645221349325627.0,
DO,2014,52782252,21.701,9054556732.648329,4.837803032647637,40662711601.84418,66411595776401.0,
DO,2015,52968208,23.8738,9308910193.224855,5.058832344246273,43310854172.13383,68195479633601.0,
DO,2016,53054836,24.8714,9465151722.947458,5.027045105643731,46221514729.083725,680847739850121.0,
DO,2017,53141598,23.7887,9598920032.87041,4.837609340526528,48316690248.204834,70669509715833.0,
DO,2018,53228498,25.6286,10020150961.685427,4.571473238752744,51481615366.71866,707677346232647.0,
DO,2019,5331553,28.4615,10412970354.958464,4.325119569610355,53895281566.934715,710153953724837.0,
DO,2020,534027,26.926,9907913052.315792,4.522528402378887,49433367207.20264,727575432266248.0,
DO,2021,53626116,29.6681,11618999524.61192,4.215675902840547,54482010244.37293,792099280966666.0,
DO,2022,53850073,32.1128,11986156870.171719,4.153719841887107,59187745511.47718,798934565589751.0,
DO,2023,5407457,32.7889,11835931974.953543,4.294253039985247,61585715306.35055,799419400035297.0,
DO,2024,5429961,34.2225,12345521634.64075,4.453984481879723,65014206927.80363,79986411294622.0,
DO,2025,54525193,,,,,,
EC,1990,3368735,17.5569,7145155561.893572,20.52100538781155,21829865878.045,362734820322597.0,
EC,1991,3356239,17.594,7286667963.891343,20.863076832382205,22480747321.484653,359290460759661.0,
EC,1992,3343681,18.5335,7429377801.814088,18.922116996165535,22844228928.627144,361319141268315.0,
EC,1993,3331061,18.0812,7758683557.135921,23.40315896331434,23407794792.585083,36005188873929.0,
EC,1994,3318378,18.9542,8257255530.427636,22.145945959520592,23855535255.144543,364034029906131.0,0.106505974041709
EC,1995,3305632,20.8047,7984501374.347816,21.912168823555522,24770285881.696392,358006370027615.0,0.126143150709144
EC,1996,3292822,23.9699,8541428368.555294,20.75005810314836,25450441254.828747,359394911730954.0,0.163365677418173
EC,1997,3279948,24.9859,8312285311.154266,20.108773733326153,26546560460.675823,359597833354245.0,0.366226682182767
EC,1998,32670093,24.5304,8805787714.41807,17.475945464061557,27550944331.162296,352264519004733.0,0.437499228395884
EC,1999,32540053,21.7119,8080813322.278169,17.571351815211774,25251960670.292213,36035130365608.0,0.411966235501082
EC,2000,32409358,22.0624,8688635808.296448,12.401175424691049,25344906878.928726,347870557612308.0,0.843399978225457
EC,2001,32270733,24.3171,8970650979.387966,10.470148490588189,26395403868.288,35349783108268.0,0.951815538060333
EC,2002,32131878,24.2976,9158719709.832401,9.434003899653721,27650256080.854683,344775567221003.0,0.976344759803659
EC,2003,31992784,24.941,9167957495.64001,9.050128130900978,28797782229.821728,343196135230068.0,0.948869165902306
EC,2004,3185346,26.7658,9602645999.32478,7.968919515633878,30385064690.858036,347193052123897.0,0.850213330217514
EC,2005,317139,28.8656,10006920037.433825,7.726325546194232,32236745210.531654,344880582171902.0,0.494528775389358
EC,2006,31574103,30.9772,10376659482.715212,7.7196786518902885,33748024726.500965,342485499910652.0,0.817411431431536
EC,2007,3143407,31.6539,10714394586.412804,7.648394216702633,34956974578.6393,343490269671052.0,0.756691575980706
EC,2008,31293803,32.6692,11591245488.316149,7.349375700836504,37766538640.31078,34421579309418.0,0.548327123660374
EC,2009,31153297,35.3903,11464870874.99308,8.61225542007853,39173340945.50834,343598763171826.0,0.619665716884237
EC,2010,31012553,38.2529,11779579622.60557,8.33021025899583,41592173788.338974,345013344289087.0,0.578352335982187
EC,2011,30941793,38.3188,12444008418.754442,7.908539174874214,44990974034.68024,339477229990781.0,0.471629788880222
EC,2012,30870903,38.661,12887597477.257607,6.999441089950735,48368188356.81209,340682984755805.0,0.499902965457804
EC,2013,30799878,41.1583,13383193463.481348,6.96320880489033,51874964192.091606,336971179629416.0,0.492534183966921
EC,2014,30728722,43.4594,13747166870.141989,7.404399670031854,54399429032.36055,32623053090983.0,0.489004108539723
EC,2015,30657434,43.2759,13900706000.0,8.020496297287968,55999150000.0,335714608114322.0,0.608842327401325
EC,2016,3050978,42.0681,13861422155.64295,8.072125858949976,56345443566.961685,325393825707921.0,0.64535216533606
EC,2017,30361894,41.0581,14512601543.567184,7.902220409515742,58878683552.37651,330334990219997.0,0.577328386007969
EC,2018,30213782,42.2145,14636404643.24439,7.645059948058114,60848533064.94856,324198977646247.0,0.56390549195263
EC,2019,30065438,41.9254,14314674053.635603,7.786764598590857,61559133059.13779,326867585353753.0,0.566538459526399
EC,2020,29916865,36.5986,12801661138.605434,8.385749058996455,56375848387.727036,330232237956424.0,0.466070477259328
EC,2021,29880375,41.1607,14711888655.115416,8.079999832803184,61035510883.39203,33138759519627.0,0.540988325018655
EC,2022,29843798,44.1693,15684842340.229818,7.393039923554625,64757802598.9287,333718971598435.0,0.389108976874718
EC,2023,2980713,46.7901,15714900828.441097,7.995473633338035,66720810894.32153,333772819171059.0,0.486517648888108
EC,2024,29770377,47.9638,15315647151.124983,9.476100950746407,65764784956.24459,333816881648613.0,
EC,2025,29733533,,,,,,
GT,1990,11171576,3.9193,4574468690.686432,25.879159820107112,9972212025.035526,147513204731437.0,
GT,1991,110547304,4.1439,4682957660.867447,25.73998175721803,10374774979.80912,14356632713586.0,
GT,1992,10937306,4.8583,4836276787.973075,25.285048035702456,10844505726.383642,144545921998575.0,
GT,1993,108193,5.388,4976146848.441245,24.86610041654549,11309368510.718065,147121721504713.0,
GT,1994,107007064,5.8233,5123189752.755156,24.487266396336853,11906460243.941498,147844548772709.0,0.775420249483765
GT,1995,105815224,6.7944,5289061311.601275,24.15072353737363,12564928946.266562,149482003757023.0,0.837372850790653
GT,1996,10461742,6.6692,5389480862.4257965,24.056099937754926,12921193985.962917,148805989076136.0,0.756923838269978
GT,1997,10341361,6.9722,5535627131.842742,23.72674187595231,13431319755.633673,15063368611815.0,0.997101447876756
GT,1998,102203764,8.702,5736466219.648845,23.439898833223324,14129358121.392656,149831650350659.0,1.07899975779923
GT,1999,100987814,8.6453,5881715923.383525,23.046359823122657,14650338007.607214,152235127868254.0,1.21955546357004
GT,2000,9976573,9.6791,5991101490.947139,22.821147934217947,15300207573.57359,1523004019969.0,1.14231843892536
GT,2001,98737374,10.1703,6057450106.179824,14.172146839788555,22047556383.03974,156468130391689.0,1.39764038054584
GT,2002,9770728,10.6383,6126535484.4546385,14.170286852765738,22780070202.580658,156514823941923.0,1.55892024017728
GT,2003,96675456,10.6273,6279859650.390355,13.469127896393681,23512942856.650757,158693737735046.0,1.45120187045322
GT,2004,95641896,10.8357,6587170685.319009,13.073543299618448,24445128545.003124,158970165774523.0,1.39354114111479
GT,2005,94606586,11.7657,6758704934.021806,12.58996769360019,25383168036.462048,155093909853387.0,1.06627617967975
GT,2006,9356953,11.9282,7012663576.265435,11.449068285382136,26818453168.295105,151476887056891.0,1.17172784539607
GT,2007,9253072,12.6993,7226046305.545255,11.637607927039133,28566880691.36412,152222866775027.0,1.14268978403926
GT,2008,9149016,11.5613,7371225576.402215,11.333664890346347,29961754660.388012,149657547056993.0,1.08084166746254
GT,2009,9044783,12.1995,7304029371.8082905,11.848607897806328,30355415095.77552,15119319608161.0,1.06449790544983
GT,2010,8940373,11.7791,7548534518.18764,11.234151690189723,31483966579.153267,151052770791336.0,1.03173886156609
GT,2011,8908386,12.1427,7777373401.947056,11.258742752003558,32706854809.552204,150724275249751.0,1.04825698932533
GT,2012,88763386,12.5792,8032141039.435752,10.72274975333672,33884497484.949673,150371115833208.0,1.03882302555255
GT,2013,8844232,13.5353,8309579827.001486,10.356226201118636,35155482878.68533,152401710219257.0,0.911167373389165
GT,2014,8812065,14.5357,8593749536.40267,10.074482462942107,36550105412.35324,155981213059153.0,1.04888620183822
GT,2015,8779837,16.9576,8908980034.135378,9.96700294850351,38212722841.766914,161384460069552.0,1.15302367812021
GT,2016,87533124,18.0238,9173674346.856724,9.661394779903762,39364606021.84218,163143541559422.0,1.18150653956709
GT,2017,8726747,17.0573,9448086140.304403,9.696283212316722,40697697891.37768,155793695375599.0,1.0980313637475
GT,2018,87001406,18.7397,9758448062.265213,9.435508815375448,42171832783.28382,154253239330815.0,1.05397051991534
GT,2019,8673492,19.663,10075359854.251778,9.408723757108394,43838182122.33181,154195135962592.0,0.939784032255535
GT,2020,86468026,17.6187,10011586676.440752,9.926319180430305,42906950050.93064,15257991997617.0,0.98903489364392
GT,2021,86255,20.2047,10829667015.2156,9.173489438725326,46400871985.26472,153603442118477.0,0.90401650259858
GT,2022,8604146,18.9518,11252505176.381172,9.082101418286175,48495739376.34963,154106387758405.0,0.804399898856465
GT,2023,8582741,20.1279,11425070668.727585,9.686707524590348,50447085279.12028,154195387522307.0,0.83839390861867
GT,2024,8561283,20.3694,11700102708.93611,9.779931564300496,52708542457.322266,154290069043706.0,
GT,2025,8539775,,,,,,
HN,1990,17599063,2.3604,383406378.03732425,19.913910432987542,1020144746.6909328,168541842152146.0,
HN,1991,17523703,2.3774,489147633.7038993,19.740193710755776,1207663439.497514,164993035587491.0,
HN,1992,1744797,2.6744,559997793.5496298,17.711210129262806,1324966101.1595066,166097996102392.0,
HN,1993,17371862,2.8039,633313014.9351577,17.95843632701639,1480233983.1106188,168991464022528.0,
HN,1994,17295374,3.2016,798804814.974732,21.338840629245247,1832604034.2771065,16774466666227.0,1.341069379146
HN,1995,17218505,3.782,1030342216.5931168,19.15693249835966,2345085673.198971,167877448543324.0,1.18050954973017
HN,1996,17141253,4.0085,1262160210.8189704,19.756169678025703,2833585019.2453685,169438875465975.0,1.30495526066018
HN,1997,17063613,4.1178,1520292224.9250457,20.751092036971546,3430673893.3349485,17116917832758.0,1.07929366244279
HN,1998,16985583,4.7681,1723711476.860154,16.824553121023385,3928216978.9522233,167491291233189.0,1.57454373315189
HN,1999,1690716,4.8314,1941962200.7920535,13.9820958376201,4414874091.076329,162707049192724.0,1.64010077887388
HN,2000,16828342,5.0003,2165235782.8848414,14.372523538688583,5251343852.615884,160827648654904.0,2.12533622936964
HN,2001,16751589,5.8868,2248564652.7828712,13.165990658333312,5512659246.597503,162595005150248.0,1.79204080302573
HN,2002,16674708,6.2176,2423131171.3093166,12.18341273982593,5819359619.510833,161676985872472.0,2.34294716524578
HN,2003,16597697,6.8829,2578489243.4943366,11.614098522733162,6161799329.051379,164403535845906.0,1.97204492220868
HN,2004,16520555,7.8297,2682568771.5862164,12.170704146866244,6684177816.511683,164704896675974.0,1.68719466094683
HN,2005,16443285,7.0955,2870273748.7785153,12.470924758663251,7304322748.859092,165086859355326.0,1.55150992972406
HN,2006,16365884,8.1471,3000729053.9362326,11.856579151477547,8013248346.642938,164856163517162.0,1.92735437620264
HN,2007,16288352,8.667,3151341858.883021,11.911047441592826,8808635386.009323,166169537776513.0,1.55202145292842
HN,2008,16210689,8.6651,3258120257.716645,12.150170206263391,9449206955.228924,166271235808706.0,1.50955036859559
HN,2009,16132893,8.1702,2992553353.9236956,10.825041486444617,9536764933.612679,166370444433451.0,1.36018152626621
HN,2010,16054967,7.9832,3127912101.8942523,11.591220437975716,10009013251.913004,165818884325968.0,1.45378552488078
HN,2011,15966202,9.491,3265613825.5636864,14.21965580169765,10453663776.7385,16746092716832.0,1.24153580129755
HN,2012,1587727,9.9296,3324455139.3177576,13.56629403470611,10914063675.266405,168905269932732.0,1.24939581136798
HN,2013,15788175,10.1202,3436591735.7412186,12.191127940396145,11313397148.218672,167896770104855.0,1.26997668757297
HN,2014,15698911,9.9347,3540799781.487467,12.538350133310502,11779638773.776058,169472411954576.0,1.29014896093747
HN,2015,15609482,10.8188,3680508357.7597356,12.215978446811635,12343054908.425201,170686820193711.0,1.28892814635522
HN,2016,15423137,9.7321,3790282206.537493,12.049901405846363,12820756799.13511,172200762770042.0,1.47079984479796
HN,2017,15236503,9.3472,3938888158.8814464,12.669768109487803,13311423054.149652,173896785161708.0,1.32232320453184
HN,2018,1504958,9.0061,4093257633.7251678,11.610160461364448,13829764733.563005,172815596652322.0,1.30379745800118
HN,2019,14862365,10.1525,4142618298.976189,10.638033409475147,14464708060.79407,174899860075811.0,1.3338000446659
HN,2020,1467486,9.222,3563043221.666677,12.188067140755257,13807212950.146864,170855665933073.0,1.30232943587999
HN,2021,145718,10.3706,4245185273.135883,10.893051926619322,15451513550.963732,173264639492344.0,1.10639439310594
HN,2022,14468493,10.5707,4530257202.472647,12.473273024445541,16361949619.668232,170863877913311.0,0.835204158269837
HN,2023,14364934,11.8491,4240005023.06748,11.978794840663154,17552623620.074436,170908624309096.0,1.25216609070576
HN,2024,14261127,12.2928,4154827476.141223,11.218653718505331,18716728436.748543,170951846108673.0,
HN,2025,14157069,,,,,,
HT,1990,8499994,1.1416,2978369482.1592445,29.736751385480776,4843763001.750456,208997121021497.0,
HT,1991,8555594,1.1141,2887419855.6210995,29.898799579576256,5089605406.536797,200420600557852.0,
HT,1992,86114695,1.0366,2633848598.655389,34.120607846926944,5007355077.141616,2013014878769.0,
HT,1993,8667622,0.8775,2501415898.6866455,30.847042569726273,4770401662.764107,200927456240361.0,
HT,1994,8724053,0.4142,1603282220.0609512,33.92825808066585,4244327033.5726795,197116323151241.0,
HT,1995,8780765,1.1266,1671647840.566794,23.555397360483525,4436308085.284339,195514756814586.0,
HT,1996,8837762,1.2806,1764743020.2509198,19.495360902094454,4921477034.330474,2030302164815.0,
HT,1997,8895044,1.4957,1769277014.4060109,20.81466133392586,5169556715.776542,213937356244401.0,
HT,1998,8952614,1.5327,1774331972.3490164,21.16247281616585,5358258701.291334,213186686659374.0,
HT,1999,9010473,1.603,1721249993.7893224,22.561070840673462,5575895489.753076,211685857795812.0,
HT,2000,9068625,1.6951,1712102394.4904127,17.185516717203036,5797831943.690733,21238924310907.0,
HT,2001,9066799,1.728,1712613541.1594048,16.450578607129703,5866861045.960782,207977619113925.0,
HT,2002,9064971,1.9515,1757784721.9821491,15.846504464972144,5963111702.205106,209906554495301.0,
HT,2003,9063139,1.9374,1802986024.565103,16.720141598204012,6126819620.883914,210929294541714.0,
HT,2004,9061304,1.7908,1839917587.5209076,15.850521418133741,6059640722.114826,215585831219181.0,
HT,2005,90594655,1.8291,1901841354.7019289,18.05301294203899,6114189461.580082,226357418770823.0,
HT,2006,9057624,1.8514,1977437635.8937886,17.716303487922975,6155596087.674093,226740928821746.0,
HT,2007,905578,2.1838,1973249173.2403128,19.07510627190288,6330871610.580303,227776015335678.0,
HT,2008,90539325,2.1633,1990405314.6341379,18.432616164110573,6716370425.643464,232038313503819.0,
HT,2009,9052082,2.1233,2132727298.1642654,18.79346464355593,7112692399.30103,240797394565679.0,
HT,2010,9050229,2.5989,1879679793.3080535,20.232695087692857,6776671052.814602,255629937923982.0,
HT,2011,89829,2.9444,1943681279.941406,20.043118899015354,7132632087.698016,27340074119638.0,
HT,2012,8915445,2.7586,2132309054.5660954,19.469903594855527,7179706529.39895,289926415254494.0,
HT,2013,8847864,2.9774,2207122200.149067,19.327499956926427,7443691171.872636,287189023169845.0,
HT,2014,8780157,3.2283,2372488065.5954175,17.829763647572644,7604679001.21344,260935422158945.0,
HT,2015,8712324,3.494,2519764492.9468813,17.219898998961888,7787255823.051384,271668627215455.0,
HT,2016,8722907,3.578,2548398029.4257874,17.98351398514613,7976279863.943589,261580189013367.0,
HT,2017,8733506,3.5867,2569084775.1580086,18.826470995019513,8154394748.0920515,245981080495399.0,
HT,2018,8744122,3.5577,2602012802.4223804,18.7060141160075,8306288219.433271,221872298541661.0,
HT,2019,8754754,3.5949,2627540343.514161,19.187403731504585,8480710242.746416,251659511892262.0,
HT,2020,8765403,3.4445,2517266859.687112,20.36249373204397,8380159165.421798,224531440368607.0,
HT,2021,88096,3.4083,2475064557.029759,20.684893342416018,8173218584.141659,226196160225361.0,
HT,2022,8853904,3.3893,2535024063.001949,20.275349314177173,8043011874.577874,224790380524258.0,
HT,2023,8898314,3.3805,2469288416.6430492,17.457129915242607,7808726780.761246,225018523487574.0,
HT,2024,8942832,3.5138,2370028065.398095,15.860160748205804,7505487888.305722,22524616110381.0,
HT,2025,89874575,,,,,,
MX,1990,16531229,289.6625,139590289272.47388,6.667096378898905,368588551338.23645,148469703041417.0,
MX,1991,16521021,307.4851,144380975722.04218,6.496989748567226,386471069719.5646,149555237089416.0,
MX,1992,16510762,311.2014,150391400844.7909,5.9989808099922515,400673006948.0687,149674510859632.0,
MX,1993,16500453,320.3524,149377111345.41208,4.794150189640994,418046180451.1572,150456873833231.0,
MX,1994,16490092,346.1731,154309943673.95386,4.363848712308238,436046745173.4221,14865220991068.0,1.39601989830087
MX,1995,16479679,326.2583,144826984941.9314,4.130571866409452,420458257044.4773,148980275643135.0,1.35466645785394
MX,1996,16469215,341.9142,157318103792.12323,4.579944229002885,436308263299.4489,151275079167381.0,1.38956501505887
MX,1997,16458697,360.7276,174070271839.33023,4.218890069132334,465183316103.35565,152035435053134.0,1.38066963781996
MX,1998,16448128,384.0072,190755257071.13156,3.907647463795432,491715397868.72894,15032439660698.0,2.0589267432519
MX,1999,16437505,373.0984,194655600077.6171,3.4901775386954594,508520927602.9558,151160947791623.0,2.36908128239866
MX,2000,16426828,396.7431,209057118220.87253,3.159265130977623,536085841182.56696,151746885787312.0,2.44360267781799
MX,2001,16406667,394.7859,204721290737.09384,3.2254903518803557,535587460749.4229,153974957134913.0,2.44323662972636
MX,2002,16386471,400.9452,198564723201.08408,3.1103617232533414,538807738528.4624,154808988790406.0,2.39229541580663
MX,2003,16366242,420.7099,198132261126.01883,3.2073554072026536,543898922534.0112,155138953641415.0,2.06201388681944
MX,2004,16345978,430.4581,203108238477.679,3.1859469830490807,563050320703.1602,15531279816146.0,1.77341933649506
MX,2005,1632568,447.327,207594257450.86713,2.9456722751517885,575265484768.7295,155794052605432.0,1.6773136882309
MX,2006,16305349,463.9485,218183427959.11014,2.942955163586395,601145415841.4796,157497233704245.0,2.03251141523687
MX,2007,16284982,470.8833,218898681661.27832,3.0418656709759957,618244257999.7621,157745112897956.0,1.90424158278997
MX,2008,16264582,472.3027,215440586849.68127,3.028758980827861,629004418894.0717,157819986707974.0,1.73242384082504
MX,2009,16244146,461.5756,193049858939.46075,3.1005984191884233,599364779753.1625,156471487803399.0,1.52067191303794
MX,2010,16223676,476.9429,207469788816.25842,3.092008386708046,634476165519.3352,157084718166465.0,1.54714102536679
MX,2011,1620962,486.535,214374686416.80396,2.9756948396817817,661304534333.5999,154643851965528.0,1.49452157226046
MX,2012,16195539,506.2322,224685459517.52966,3.0487293714888803,685224145091.8406,156179324576729.0,1.3350989025081
MX,2013,16181431,494.0171,223643175856.8417,3.0245427757813514,696956374746.1307,154062929097999.0,1.34519815346273
MX,2014,16167297,480.9122,232524690708.74805,3.0271365185357304,712551563578.5919,156368132046024.0,1.31935141488746
MX,2015,16153136,490.4272,240516475082.10205,3.0851863436742972,734117600397.5703,152296833460477.0,1.35861264477198
MX,2016,16135079,496.4682,242702633596.83176,3.246289078379699,752658505142.3358,154668443468263.0,1.47980258483274
MX,2017,16116992,500.6875,248932624505.07993,3.2975117757527546,771415089938.0189,154097278034736.0,1.35007405619388
MX,2018,16098877,478.1534,252307931516.6914,3.2969594527260027,793858067908.8922,153821251135132.0,1.32710950198059
MX,2019,16080735,493.673,252194944195.78088,3.3150244018484467,795646727999.6442,152761890251445.0,1.34310365323075
MX,2020,16062565,439.0381,231477746053.18588,3.7111488823617194,731007970762.2987,152055822237606.0,1.34673974803915
MX,2021,16051177,452.7201,251764544059.53778,3.7826652875829416,772293270124.5079,153729835711794.0,1.38990614339617
MX,2022,16039762,452.9546,265892487478.4087,3.898065709707859,795900576853.3281,154288215833712.0,1.2432279300573
MX,2023,1602832,475.5955,269645806286.51978,3.83754974792513,823421809546.6976,154296718082524.0,1.31956164946846
MX,2024,1601685,475.9921,270488266158.51907,3.7245106584483474,842489562105.3348,154300654001007.0,
MX,2025,16005353,,,,,,
NI,1990,1634361,1.9647,621494285.4667983,,2486089193.0797853,170025136530073.0,
NI,1991,16154724,1.9754,661323773.0656447,,2556129542.5570664,17042571357643.0,
NI,1992,15964904,2.2934,627360634.1215004,,2587601229.5372095,171718981800017.0,
NI,1993,15774143,2.2505,627653956.7918801,,2548661494.9571466,171195866411586.0,
NI,1994,15582432,2.5596,632439670.6660013,19.01922158667803,2581420952.6766415,170892160921062.0,1.978767557121
NI,1995,15389766,2.7192,677977399.6917306,20.0803864575286,2676131689.676821,172721909539373.0,1.84201943970188
NI,1996,15196137,2.8846,729216235.7292801,21.40552975058166,2798339182.5050635,172485728019706.0,1.83704612662003
NI,1997,15001537,3.0885,785955625.7950351,19.95677133880752,2964502923.686418,172753771611075.0,2.07047876596018
NI,1998,1480596,3.5917,777925384.0946804,19.190950883465934,3113913149.45061,175474973743229.0,2.24131445199578
NI,1999,14609398,3.623,832015698.7853892,17.000216968819153,3291162042.2525973,177087870272945.0,2.43696195410371
NI,2000,14411844,3.7702,867794508.4101115,17.765505144046223,3422363228.8493967,175730234729432.0,2.6864267142733
NI,2001,14189328,3.9936,918593491.5653236,16.813329468075615,3563006358.592251,174677315350024.0,2.82329771908332
NI,2002,13966438,4.1327,937635076.2188233,16.430111985103427,3664871663.7888026,172630320347147.0,2.50916677639682
NI,2003,13743173,4.5272,960523714.5196575,15.625902564694599,3804568057.2208204,174613329204929.0,2.16142640203419
NI,2004,13519531,4.6436,1047105200.6039647,15.96882227091687,3982588303.31828,172884104297063.0,2.10618024691358
NI,2005,13295512,4.4103,1105873518.7181852,16.13789806538797,4111861715.738159,17222147715304.0,2.17330673053847
NI,2006,13071115,4.6665,1176738151.6855745,15.899662546678723,4275899443.1787076,168676596062275.0,2.21126072679879
NI,2007,12846339,4.8378,1220757218.7208548,16.46133831070545,4473866287.947279,166626141069662.0,2.30747711365026
NI,2008,12621182,4.6481,1237532585.9833927,16.2627898839898,4739933773.952967,164074160737803.0,2.11502402770643
NI,2009,12395644,4.5454,1169716917.826069,16.06765100411132,4654635450.642888,164291847297567.0,1.86085346718477
NI,2010,12169724,4.6711,1273802787.205322,16.982636800704817,4890494169.3493185,159021555809908.0,1.62367351823378
NI,2011,12128367,4.8816,1399210029.8835666,18.884788385777103,5087397311.176902,160346349957067.0,1.61374190084787
NI,2012,12086934,4.8471,1542199120.5484772,17.61158347336737,5350985848.883467,158427126583182.0,1.51378353866127
NI,2013,12045422,4.6389,1642972583.9749727,16.490911211185118,5609061273.305804,156460330537593.0,1.55212032253699
NI,2014,12003834,4.9091,1767318289.388633,16.70901738344716,5896743718.700035,156352132628463.0,1.58945515340599
NI,2015,11962167,5.4971,1811187373.3001747,16.109929235315114,6196451680.302691,157447940023632.0,1.66080934496431
NI,2016,11918512,5.7223,1877602419.5145047,14.9153392298097,6529425624.834837,1576922584199.0,1.67267570092919
NI,2017,1187479,5.6825,1931252495.2378037,14.99640860194735,6845204283.383149,160570537226749.0,1.736853739526
NI,2018,11831,5.1803,1960661330.9587474,15.322211323712565,6519307388.879007,160537731545882.0,1.71761831023096
NI,2019,11787142,5.3239,1917715726.1175554,15.529784067707073,6320124093.834057,159172207749116.0,1.67507434117256
NI,2020,117432155,4.7462,1951476796.8762913,15.906779980402339,6097904556.968705,157576532533398.0,1.7315397054433
NI,2021,11704159,5.1925,2237969928.2773676,15.72991239726267,6432305071.391957,160372785752556.0,1.79064387283521
NI,2022,116650075,5.2612,2353340255.733142,16.80303121839451,6774578672.872493,16036553829303.0,1.43271253577026
NI,2023,11625762,5.5369,2412588025.945817,15.32857462824078,7121543562.531416,160377468332722.0,1.34579646706775
NI,2024,11586422,5.7393,2423496131.2074947,14.411507510727963,7414508059.240733,160384691872198.0,
NI,2025,115469866,,,,,,
PA,1990,1141016,2.7219,1845402702.492058,8.074135288539715,9413073247.400928,116756377821467.0,
PA,1991,114001825,3.14,2038451676.815772,7.656276248995448,10326331441.813837,115665840321533.0,
PA,1992,113901556,3.7463,2225078972.899608,6.919693262818346,11169744133.881847,11682090162213.0,
PA,1993,11380079,3.8287,2365952416.2231684,6.590059460167617,11433605080.306417,116542471067115.0,
PA,1994,11369952,4.0734,2466691061.8682456,6.460789926650214,11711601554.73681,116350163874382.0,0.13195533665754
PA,1995,11359774,4.3833,2471507192.2106605,6.485933604494518,11906725712.087662,115824571211477.0,0.348162801166622
PA,1996,11349546,4.4136,2041840353.8860962,6.8622166022241196,11610839859.735247,115931713868057.0,0.365247175790851
PA,1997,113392666,4.6401,2152318089.9529033,6.6468821829383575,12568728920.651026,115695514830552.0,0.403428591609754
PA,1998,113289356,5.7195,2244762210.114163,6.661808220502598,13647363520.097923,115843792022175.0,0.444056024286902
PA,1999,11318552,5.006,2314002627.8018365,6.130515381922862,14130188406.656128,116048798751469.0,0.42278657781376
PA,2000,113081165,5.1903,2190558503.3234086,6.312135430520911,14966038893.567734,116663256816738.0,0.930369471
PA,2001,11290657,6.2056,2094209898.087816,6.695230316713562,15379121478.373,117260354511265.0,0.967778562738942
PA,2002,11273167,5.4104,2083585444.4040735,6.6148108598681175,15726041425.015068,117151736983289.0,0.997019607460197
PA,2003,11255648,5.4813,2052889573.9485066,6.719190327658412,16349976942.51404,11657078161745.0,1.16800613998226
PA,2004,112381,5.5089,2142457516.157795,6.2069044869424115,17768440124.852222,115111159197423.0,0.877634870477003
PA,2005,112205215,7.102,2280358823.8453536,5.723390505734822,19426197829.308083,115117623213237.0,0.535227889642625
PA,2006,11202914,7.4912,2417698377.2880774,5.2918083440388655,21453037806.568115,114791078820197.0,0.826458723055352
PA,2007,111852765,7.478,2612949385.708729,4.75264853625124,24286832662.54102,115020746645188.0,0.773798980949587
PA,2008,11167609,7.2579,2711677836.047861,4.444230492249795,26484713518.80349,114789672592517.0,0.734368349127053
PA,2009,11149912,8.6753,2666072883.142115,3.7830612274183175,27070736305.700676,114210803043005.0,0.70400638413454
PA,2010,11132185,9.1798,2753775086.5392504,3.636003285970028,28613317723.7354,113743150032266.0,0.695728388627526
PA,2011,11127373,9.9976,2914623516.252654,3.279224622592975,31851529683.160286,113847130799249.0,0.510126828366455
PA,2012,111225516,10.4475,3133440030.1585016,3.1287768772971667,34091621019.628983,113294968882029.0,0.562039954611162
PA,2013,11117721,10.2623,3246870332.166144,3.0539507503112193,35097601464.11394,113919815095295.0,0.551526686213935
PA,2014,11112882,10.7719,3376688126.735162,2.9866775575356805,35936813401.060616,114011184482264.0,0.600512117462376
PA,2015,11108034,10.6313,3491138700.0,2.9496163034305614,37170444800.0,11203185617067.0,0.829241384014908
PA,2016,11109431,10.6644,3524204961.6000886,2.7805458884814596,38599078175.92548,113036212148551.0,0.818927916010236
PA,2017,1111083,10.1483,3639194694.1477094,2.572621883662402,40692375139.32422,113145457914217.0,0.616810748207665
PA,2018,11112231,9.9261,3656935794.496382,2.4461816961589906,42587319025.584984,11316166496143.0,0.664763104152917
PA,2019,11113635,13.1641,3616753800.662174,2.4550807697922106,44237389833.13565,113185114092724.0,0.613969427477314
PA,2020,11115041,9.7127,2888959316.9420815,3.064188374550776,39432078732.96289,11307645816126.0,0.561299781807578
PA,2021,11121167,10.7711,3207940153.679859,2.802892166697085,44359456492.73057,113414262870351.0,0.586162854386682
PA,2022,11127309,11.4431,3434556650.3036613,2.6037030211120857,48836954971.65429,113115147276759.0,0.416400429665374
PA,2023,11133465,12.7389,3530944491.4366503,2.4962749118687517,51343516171.28044,113108219658909.0,0.603362152879812
PA,2024,111396365,12.365,3602527765.998597,2.6821407802533916,53358140370.507324,113098753748794.0,
PA,2025,111458234,,,,,,
PE,1990,1773623,20.8441,9604256881.158354,,,11767102007636.0,
PE,1991,17710923,20.2383,10197179932.784262,7.862396120143685,,117386391756086.0,
PE,1992,1768549,21.1123,9955546166.038433,7.818050407086018,,118434496734401.0,
PE,1993,17659931,22.2129,10434114177.324337,8.29164049726758,,118714091688679.0,
PE,1994,17634245,22.7871,11977123968.21342,8.415585469521906,37167138634.01534,11944066501463.0,0.0
PE,1995,17608432,25.8883,12654246792.692413,8.038216242734674,40159236228.65205,119385136596383.0,0.0
PE,1996,17582489,28.4486,12876299216.914268,8.504048493429494,41385573653.205444,119949871405071.0,0.0
PE,1997,17556416,28.371,13458256716.72675,8.048158548787967,43742958769.99897,119929049801916.0,0.0
PE,1998,17530212,27.2745,13090127477.276054,8.378335158008685,43322855341.45264,119881912796412.0,
PE,1999,17503877,29.3146,12908804245.504063,8.264501733790967,43756216471.88603,120711763316964.0,0.193787264941537
PE,2000,17477407,28.9865,13625481381.88148,8.069374916936162,44875249371.791016,120690448769693.0,0.25987004260721
PE,2001,17421385,26.9396,13743752690.726276,7.89362669632438,44569907925.204575,121288838649084.0,0.350593714139588
PE,2002,1736527,28.102,14656243252.343426,7.523963236477053,46237063937.50284,121588056671563.0,0.512468604766562
PE,2003,17309059,27.5531,15227626827.19296,7.312919344024822,48399726557.83012,121289047186861.0,0.507252679706581
PE,2004,17252753,31.8204,16361386559.331007,6.934433062057166,50335351033.34142,121271350200186.0,0.489004928489023
PE,2005,17196352,31.8397,17438752025.00001,6.854264623188926,52749081383.154976,121330761189822.0,0.218968528476049
PE,2006,17139857,31.49,18706448140.002033,6.603484330160436,57364418852.58906,122025843371014.0,0.216905115018584
PE,2007,17083266,34.3741,20680639093.269005,6.7058083849192816,62655484815.079414,121653724780376.0,0.217224803231211
PE,2008,17026578,38.9946,22441785039.87515,7.160941145784605,67876119236.29475,122512403741926.0,0.214596347897378
PE,2009,16969796,41.9747,20991199185.69922,7.403906655712571,70258362544.12651,122069271768318.0,0.276337573453064
PE,2010,16912917,45.8483,23115383222.69983,6.827997235978349,76298902966.41994,121774575724001.0,0.319268197616569
PE,2011,16857365,49.1793,25041795700.20831,7.100110136582045,82164607445.07771,121847498403853.0,0.178572648267796
PE,2012,1680171,49.1215,25360971583.34907,6.7252342407764925,88379155204.63885,121834920205967.0,0.135115808920061
PE,2013,16745951,50.3235,26691327994.427807,6.668310164914011,93537644148.25858,121123470544568.0,0.149974442618458
PE,2014,16690089,53.2525,26397607856.56821,6.804247413782518,97923871956.95683,121312665426648.0,0.149734050442036
PE,2015,16634121,54.9014,26170072656.439644,7.045644059720457,102574425197.02843,120662717099664.0,0.365787801778907
PE,2016,16604029,57.5009,26154015955.569984,6.9350346165010475,106746872562.79778,120887256235831.0,0.392007942340829
PE,2017,16573892,55.2172,26299309517.097866,6.7797595601092455,109938664292.10838,120988128020722.0,0.394637123558661
PE,2018,16543707,55.3468,27823912846.014412,6.885842851440975,114466169486.54065,121806213048921.0,0.401445895777405
PE,2019,16513475,58.1719,27495337918.462143,6.853031034772384,118800609397.24257,121093204334172.0,0.395404104241793
PE,2020,16483196,47.5328,24065469961.963005,7.7158463734968,105914537466.20055,122340273082699.0,0.282419732078971
PE,2021,16431073,59.6288,28525708162.07361,7.122663475584694,118094222468.57243,124053051807544.0,0.289870154046633
PE,2022,16378826,63.74,29022291008.481567,7.174162292069776,122385989151.32536,124298021771994.0,0.109336506115384
PE,2023,16326451,65.0789,27095095277.27213,7.2405039987112865,123601968996.27948,12428390239727.0,0.310221717362952
PE,2024,1627395,69.2652,28163844952.230583,7.337421861604695,127459131639.04709,124268375957226.0,
PE,2025,16221323,,,,,,
PY,1990,5912165,2.184,4022517529.9396424,18.60193589044638,7690637445.023949,74807235159896.0,
PY,1991,58397484,2.1343,4150597798.439912,16.001244397432068,7996275031.382628,740233770302179.0,
PY,1992,5766974,2.5581,4381930292.933245,14.948957846144989,8155800577.488752,741128440248258.0,
PY,1993,5693838,2.9158,4590767930.403668,16.718912733494047,8465851825.6027775,74772445192183.0,
PY,1994,5620339,3.4014,4629102468.923036,18.16377248374929,8883736659.973694,738404040570969.0,0.806062893618724
PY,1995,5546473,3.8597,4778436316.178473,18.443783101919443,9286450101.541412,741369651379567.0,0.870187979002146
PY,1996,5472238,3.8134,4847212571.7788,18.365011954007944,9549606683.126963,735240114474058.0,0.783913886092852
PY,1997,5397631,4.2206,4949870741.824005,16.427973720506074,9972472950.233786,730999997858147.0,1.00877884178617
PY,1998,5322649,4.4217,4929596812.862531,14.800937309582698,10052163661.392403,725469197587623.0,1.19929367939818
PY,1999,52472895,4.4184,4904467803.383162,14.004558328132982,9927766487.164366,720972120331317.0,1.23266768319606
PY,2000,517155,3.6426,4768395097.9399605,12.856657764325528,9779118336.571795,715529357795224.0,1.18776192796704
PY,2001,5086837,3.7869,4790486816.654797,11.373317185726979,9739549902.78321,713933054227773.0,1.43292542122111
PY,2002,5001981,3.9651,4781798322.632397,11.009643264468242,9772098317.237453,706726969636722.0,1.65131657621505
PY,2003,49169827,4.0925,4824861256.29009,13.008943267283563,10015147315.295658,706215593684411.0,1.60775336821036
PY,2004,48318407,4.1409,4925388823.196914,13.933350494158844,10490247831.865433,687905022195463.0,1.41332875688231
PY,2005,47465554,3.8195,4916984186.859598,12.713952826632715,10932075145.326647,678802418692206.0,1.26217694075078
PY,2006,46611258,4.116,4996591708.615371,11.793595802627172,11604632949.359888,665221416329145.0,1.20663633439807
PY,2007,4575552,3.9111,4995951272.411226,12.709734775846416,12359941104.54449,676053628770146.0,1.18468233202769
PY,2008,44898337,4.5677,5360710924.749412,13.417645491229324,12944402999.701836,670630847259931.0,1.11101172110679
PY,2009,440397,4.7128,5156237340.800259,9.94793815604534,13363805935.639929,639636283088797.0,1.06870145900464
PY,2010,4317961,5.2439,5408687717.739392,13.014479782058302,14497746328.925758,665390876578108.0,1.17258414413311
PY,2011,42376387,5.451,5626646029.463166,13.796226345799175,14965559997.180237,66274856765158.0,1.04986476271952
PY,2012,41571668,5.4123,5801571303.14981,10.042228896802518,15574557959.13685,618478744768395.0,1.08530877227548
PY,2013,40765443,5.641,6246350083.674933,12.864839578348846,16203105819.956627,653001770632443.0,1.09405445592866
PY,2014,3995771,5.9499,6682907155.933346,11.770856505010194,16993652904.650469,640970214232347.0,1.1712934761315
PY,2015,39148468,6.661,7030991082.14313,9.440420725193858,17614081442.958706,629506082128882.0,1.24597366601556
PY,2016,38578686,7.5122,7352643071.882642,10.69651340754464,18109575356.499954,62573531143962.0,1.22149850400931
PY,2017,38008016,8.4688,7809715395.744523,10.184824482162723,19055521870.766273,626467950874097.0,1.21957484907892
PY,2018,37436464,8.7429,7993763072.89341,9.950203385475504,19909977845.278152,622452388553233.0,1.08887994932629
PY,2019,3686402,8.5218,7908360638.346672,9.667473664156002,20389929931.7679,601247596822072.0,1.09246655634867
PY,2020,3629069,7.8549,7807133440.941194,10.72799028221327,19763575326.361946,612590590742216.0,1.07336374357595
PY,2021,35940838,7.9771,8344821042.751607,11.278900780265278,21047475108.18417,594483085898932.0,0.941853275848206
PY,2022,35590142,8.0051,8336081498.601697,10.897480451264528,21363450685.18996,554110965161946.0,0.806428479479831
PY,2023,352386,7.7424,8682998824.038841,11.5900739623011,22117173325.38344,554023822057751.0,1.00501704307608
PY,2024,3488621,8.0253,9068292820.580574,10.71499768278031,23179093098.017735,,
PY,2025,34532967,,,,,,
SV,1990,16933452,2.5946,2179002562.5493393,16.01367716840037,7611628165.537719,340710298407691.0,
SV,1991,16906703,3.3093,2245180999.6383877,15.792391981147308,7820714010.490544,332579097678253.0,
SV,1992,16879821,3.7249,2362289211.8510966,12.965032352069814,8168675163.207514,352510925149863.0,
SV,1993,16852805,4.0457,2537520484.6338916,12.728810389856744,8461372772.247967,347174214571886.0,
SV,1994,16825655,4.6932,2681842493.308039,12.461782090855204,8884748077.068428,334811411823268.0,0.0
SV,1995,16798371,5.1333,2794181343.9235206,11.52887916136602,9370800498.817484,343479161572523.0,0.0
SV,1996,1677095,4.5698,2777984375.6212816,10.85032790136803,9440104703.807247,343176699503122.0,
SV,1997,16743392,5.6022,2931326580.3872137,10.914556835371286,9739518233.689545,326804790640281.0,
SV,1998,16715694,5.8679,3079941394.1842566,9.46818464366379,9984946639.47806,325835657318788.0,0.0
SV,1999,16687857,5.8263,3123633536.607843,7.933731571683833,10215197852.885262,355053326210983.0,0.0
SV,2000,1665988,5.7988,3182816227.2713723,7.172784776609194,10471602798.889814,33941094668149.0,0.0
SV,2001,16603723,6.0363,3230250836.2364926,6.686492597911559,10490664138.540499,33733690566431.0,0.0130266287380597
SV,2002,16547471,6.0539,3243489952.72647,5.8229841982080774,10643649940.95727,340278481474942.0,0.254374577535299
SV,2003,16491124,6.5795,3242611032.3555284,5.488397134491929,10846328638.259773,335751437846326.0,0.217466655178639
SV,2004,16434684,6.8293,3192799079.7554283,5.727925912625871,11099643951.693493,347909187323378.0,0.200133852672825
SV,2005,16378148,7.0326,3153260798.1252275,6.171656007620084,11465007588.439445,334607163264491.0,
SV,2006,16321516,7.3891,3246442263.1843796,6.046166567395151,11922489192.514269,337958111071652.0,0.187788508600831
SV,2007,16264789,7.7786,3313532876.9798994,6.993107704968625,12021359670.84636,337353703539936.0,0.193461311151222
SV,2008,16207965,7.0905,3492441351.4640746,7.090108406734015,12006860514.483206,341205168232229.0,0.205477615961496
SV,2009,16151045,6.8985,3347078183.8776593,6.6685907319894415,11944326912.298676,329250503344936.0,0.224073892797917
SV,2010,16094029,6.7247,3411559845.9497914,6.981708506975312,12108570287.698719,334874781666196.0,0.186071644419626
SV,2011,16110845,7.0233,3553941046.5707436,7.330191907031135,12603479256.369438,321868879118793.0,0.0
SV,2012,16127693,6.9977,3607240871.2651734,6.514356253930698,13059851975.275902,335157709361488.0,0.0
SV,2013,16144572,6.635,3635568069.480811,5.613306558695028,13459903898.120764,322780992320408.0,0.0
SV,2014,16161483,6.8145,3727258602.366068,5.866872153768323,13644918390.101112,320504824423691.0,0.0
SV,2015,16178425,7.2649,3840940000.0,5.52976674016479,14066000000.0,309301749454232.0,0.0
SV,2016,16210927,7.3283,3891257960.34664,5.732153907396132,14484729777.27646,324605720011986.0,
SV,2017,16243478,6.6321,3940457798.5261135,5.393009140808809,14781816274.534597,329330584862542.0,
SV,2018,1627608,7.1022,3959466798.926999,5.132768529852023,15259649428.00595,319782910715394.0,
SV,2019,16308734,8.1068,4036621025.3153815,5.146433521792602,15553552377.945724,326933483501496.0,
SV,2020,16341439,6.6535,3465232275.4156027,5.35480047301112,14500554920.432138,317617877351215.0,
SV,2021,16381193,7.532,3871876252.5566983,4.812255148720145,16116106899.263178,333225269612894.0,
SV,2022,16421042,8.4658,3754094868.4078097,4.558752838081563,16865303564.906176,323996588768.0,
SV,2023,1646099,9.2365,3604631816.924112,4.450412566454599,17162888501.473719,324020021578175.0,
SV,2024,16501032,9.5434,3595686326.4984155,4.380409309101439,17576518016.81175,324045820551793.0,
SV,2025,16541172,,,,,,
UY,1990,20247115,3.9389,5035499233.7801485,9.208457676536236,4399098052.566345,8500000.0,
UY,1991,2135148,4.4604,5009195071.88442,8.497830722014687,4766466812.850603,8450000.0,
UY,1992,22461312,4.9018,5085716264.82634,8.815643711262462,5387916701.541165,8400000.0,
UY,1993,23576649,4.6343,4628796443.984378,7.3667578624618475,6238107865.150267,8350000.0,
UY,1994,24697533,4.3543,4815776720.36357,7.925336057109628,7045315578.294515,8300000.0,2.37419457314539
UY,1995,25824005,4.767,4679289396.99028,8.616111363825441,6667116116.073026,8250000.0,2.57149141779777
UY,1996,2695611,5.5886,4867005455.005166,8.016058204513051,7106797333.297899,8200000.0,2.78234197106624
UY,1997,28093884,5.6715,5152580341.00701,6.55147000680854,20030133283.711327,8150000.0,2.66939611520074
UY,1998,29237377,5.9043,5157950749.341339,6.823744871223727,21167886256.449196,8100000.0,2.6447041254293
UY,1999,30386627,6.8878,4934730962.121494,5.815251192108047,21118918259.745792,8050000.0,2.86175635753995
UY,2000,3154168,5.5706,4744388253.144833,5.994193799588156,20974104099.571552,8000000.0,2.70071196162632
UY,2001,324178,5.0175,4413427835.09373,5.586703233024502,20557373681.4357,8200000.0,2.84893933252263
UY,2002,33295397,4.6084,4155386316.54163,7.529659045358525,18839264599.709785,8400000.0,2.7188833061076
UY,2003,3417447,4.5952,4362842740.347527,9.638783006291076,18402158217.02646,8600000.0,2.62894032965032
UY,2004,35055023,5.755,4697056735.963593,10.996790871986564,19134432147.195858,8800000.0,2.64617871010282
UY,2005,35937063,5.5678,5322742377.206125,8.745836743362764,20115150644.995354,9000000.0,2.47966926627507
UY,2006,36820594,6.4885,5578059544.105036,8.913845229988327,20754942296.383507,9300000.0,2.44282793895286
UY,2007,3770562,6.1176,6041247177.473094,8.499364188642645,22083943112.71299,9600000.0,2.38797642646436
UY,2008,38592137,7.9164,6532793028.656044,9.168924036490337,24452634833.451588,9800000.0,2.12253329624224
UY,2009,39480157,7.8326,6875218421.01394,7.886996095628021,25618722328.93231,9900000.0,2.18831637835955
UY,2010,40369686,6.4579,7051108071.680606,7.202064507491491,27557237650.094685,10000000.0,2.10110529727418
UY,2011,41067116,7.7873,7190512107.46917,8.829161998562492,29373648287.100903,10300000.0,1.84465447664076
UY,2012,41765846,8.8815,6906487440.050642,8.121772485123927,31024793806.571198,10600000.0,1.91782490058088
UY,2013,42465884,7.6589,6989236929.595231,7.616200627054914,32703308575.49492,10900000.0,2.0488135093576
UY,2014,4316723,6.7334,7281734948.698799,6.735462172425372,33833739110.43456,11100000.0,2.16588408090026
UY,2015,4386989,6.8951,7638410491.577912,6.131441942903578,34219126112.662083,11200000.0,2.25895218340374
UY,2016,44371273,6.8292,7712302045.571225,6.678719662931069,34863244500.25108,11300000.0,2.3524875081162
UY,2017,4487344,6.4073,7485363433.421979,5.40639904878287,36142606607.62384,11400000.0,2.36515151738213
UY,2018,4537638,6.871,7887033928.266634,5.823866393323003,35939925590.485115,11500000.0,2.28601762604622
UY,2019,45880105,7.1561,7703609190.219322,6.502795596969646,36532458599.51087,11600000.0,2.320186265941
UY,2020,4638461,6.9135,6967240119.552528,7.206702913734526,33888395259.386738,11000000.0,1.78616654692212
UY,2021,46882555,8.5518,7609087020.406828,7.734267744990012,35465774308.784744,11300000.0,2.07272542824314
UY,2022,47381695,8.093,7906242432.40139,6.918402775770738,37435402090.527626,11500000.0,1.4977638297946
UY,2023,4788204,8.1908,7750639455.16711,6.0910093984627185,37934283459.646736,11700000.0,1.50917898078764
UY,2024,4838359,8.6953,7997045773.235721,6.42188821840422,38671159385.63942,11800000.0,
UY,2025,48886355,,,,,,
VE,1990,11622701,102.5798,,5.212136740812044,,174900147094014.0,
VE,1991,11622493,105.3821,,5.291859204896672,,174893214010064.0,
VE,1992,11622285,106.2215,,5.137632177114126,,176685542617556.0,
VE,1993,11622076,110.1907,,5.175343235844129,,176461093672478.0,
VE,1994,11621865,122.5505,,4.8799401325991,,176191243275345.0,
VE,1995,11621654,119.9197,,5.040472213084532,,175810122603933.0,2.99663468516303
VE,1996,11621442,133.447,,4.0896192166217435,,175646894700609.0,3.859441153926
VE,1997,11621227,133.8226,,4.495492005357442,,175538006478415.0,9.89119741405941
VE,1998,11621013,135.558,,4.950432154924942,,175723494554214.0,8.63352068057348
VE,1999,11620797,131.9326,,4.351061427661489,,175880550389559.0,7.19851492389064
VE,2000,1162058,137.7453,,3.9329857306368012,,176077639718506.0,5.87448264890821
VE,2001,1161028,143.2788,,4.231512485452344,,176861677051617.0,5.48620768524579
VE,2002,11599964,148.0955,,3.8470461924177677,,177082798242753.0,3.84940652818991
VE,2003,11589628,143.0009,,4.313146439606158,,176286036646567.0,2.74780865463376
VE,2004,11579276,149.704,,3.718817183587738,,175978339922304.0,2.98348081828764
VE,2005,11568907,155.9378,,3.6951832324594536,,175356541704892.0,2.67520019374466
VE,2006,11558521,158.9841,,3.6568046342888962,,174528479374825.0,2.47474409563329
VE,2007,11548116,155.9702,,3.813539388618934,,174275425188295.0,2.49572323181429
VE,2008,11537694,164.1035,,4.158416115705053,,174728481883434.0,2.36826716865193
VE,2009,11527253,165.2485,,5.662177794741398,,174593263849233.0,2.52018041378071
VE,2010,11516796,176.795,,5.375265165505536,,173998757882318.0,2.46458130866513
VE,2011,11503574,172.9615,,5.012930064310941,,173694703313835.0,2.39654547473391
VE,2012,11490326,193.7941,,,,172854743960409.0,2.27606304973362
VE,2013,11477054,192.9674,,,,172748684479402.0,2.42539199536707
VE,2014,11463758,191.9224,,,,172759609089423.0,2.30277846215008
VE,2015,11450436,175.9339,,,,172580647472434.0,2.39630978912245
VE,2016,11433246,162.9378,,,,172901802230919.0,2.38403275170226
VE,2017,1141603,151.9619,,,,172903678366472.0,2.37882201826667
VE,2018,11398787,137.7913,,,,172864114524295.0,2.32052468129698
VE,2019,11381518,120.3724,,,,173000934266364.0,2.34233871679715
VE,2020,11364222,76.6657,,,,173079759284794.0,2.08362445605025
VE,2021,11366044,75.873,,,,173426579682856.0,2.21848837088883
VE,2022,11367872,92.004,,,,173386320942027.0,1.99825418558059
VE,2023,11369704,96.3903,,,,173343000888915.0,2.03309228838049
VE,2024,1137154,96.4114,,,,173295597754711.0,
VE,2025,11373382,,,,,,
