anio,trimestre,afiliados_iess,ln_afiliados_iess,fuerza_laboral,ln_fuerza_laboral,tasa_subempleo,ln_tasa_subempleo,sbu,ln_sbu,num_pensionistas,ln_num_pensionistas,tasa_dependencia,ln_tasa_dependencia,gasto_salud_pib,ln_gasto_salud_pib,precio_petroleo_wti,ln_precio_petroleo_wti,dln_afiliados_iess,dln_fuerza_laboral,dln_tasa_subempleo,dln_sbu,dln_num_pensionistas,dln_tasa_dependencia,dln_gasto_salud_pib,dln_precio_petroleo_wti,remesas_pib,matricula_superior,gdp_pc_ppp,embi_ecuador,ln_remesas_pib,dln_remesas_pib,ln_matricula_superior,dln_matricula_superior,ln_gdp_pc_ppp,dln_gdp_pc_ppp,ln_embi_ecuador,dln_embi_ecuador
2000,1,1292712.0,14.072252895125217,5202036.0,15.464560645382013,55.4,4.014579593753238,57.0,4.04305126783455,215000.0,12.2783933071098,66.93487107,4.203720073038949,3.57367969,1.2735957904489563,30.3,3.4111477125153233,,,,,,,,,8.07104254267958,38.18714735924227,9234.104598652912,11036.81516150249,2.0882826613826837,,3.642499002433982,,9.130658930558866,,9.30899179646426,
2000,2,1304847.0269931236,14.081596371173124,5238517.874831892,15.47154916797357,55.73717401807524,4.020647321415752,69.01658196447733,4.234346794051194,216841.33432350287,12.286921186848714,66.75534926882887,4.201034432928272,3.689863835773437,1.3055895564971745,28.823603331410176,3.3611946116042963,0.009343476047906307,0.006988522591557356,0.006067727662514066,0.1912955262166438,0.008527879738913668,-0.0026856401106769567,0.03199376604821813,-0.049953100911027004,7.719826444422406,38.18717170650358,9188.592734464797,7508.019190127401,2.043791882491542,-0.0444907788911415,3.6424996400111573,6.375771754996151e-07,9.12571807353324,-0.004940857025625078,8.923726953660433,-0.3852648428038279
2000,3,1315221.5167078387,14.089515663177478,5279392.997764118,15.47932168652907,55.58035909603948,4.017829885179407,78.266603305498,4.360120989730538,218927.25747497423,12.296494795973548,66.57721515741483,4.1983624042582095,3.803586788050799,1.3359445131391026,27.60783308702139,3.318099539958149,0.007919292004354261,0.007772518555499985,-0.0028174362363451166,0.12577419567934367,0.009573609124833737,-0.002672028670062332,0.03035495664192811,-0.04309507164614734,7.356485004821636,38.18718495881038,9187.50445414865,4907.456193049822,1.9955822377960948,-0.04820964469544742,3.6424999870466643,3.4703550699788366e-07,9.12559962832627,-0.00011844520697046335,8.498510999579919,-0.4252159540805138
2000,4,1323815.4273213772,14.09602860041487,5323372.468720613,15.487617583165557,55.0386742770499,4.008036106798846,85.24061776485028,4.445478054562792,221217.0853578219,12.306899785058999,66.40016582802643,4.195699553889306,3.9205108714791894,1.366221969667826,26.655565028601057,3.282997947896651,0.0065129372373924355,0.008295896636486333,-0.009793778380561058,0.08535706483225436,0.010404989085451177,-0.0026628503689032357,0.03027745652872338,-0.0351015920614981,6.991622926885106,38.18718958170809,9221.945254561067,3102.4632870925275,1.944712707677764,-0.05086953011833084,3.642500108105534,1.2105886959545842e-07,9.12934127635357,0.0037416480272991492,8.039951683678378,-0.45855931590154064
2001,1,1330608.717010972,14.10114707745663,5369167.387625312,15.496183405604384,54.2212386042637,3.9930726878572504,90.42917908432246,4.5045669927981296,223670.1338754538,12.31792762884419,66.22389837293231,4.193041400409468,4.046298410705711,1.3978024905255058,25.969674917916606,3.2569295079958724,0.005118477041760272,0.008565822438827198,-0.014963418941595474,0.05908893823533745,0.011027843785191394,-0.002658153479837999,0.03158052085767982,-0.02606843990077845,6.635844913620658,38.187188040742186,9283.020632558659,1960.3775890782927,1.8924860015940825,-0.05222670608368141,3.6425000677525787,-4.035295519955184e-08,9.135942272015006,0.006600995661436571,7.580892381159343,-0.4590593025190355
2001,2,1335581.3439538553,14.10487721866556,5415488.854402151,15.504773712163695,53.23717112083804,3.9747568576456165,94.32284100570273,4.546723376701091,226245.71893127778,12.329376939532446,66.048109884401,4.190383414122858,4.186611730377468,1.4318917505607252,25.553038516735445,3.2407562339128435,0.0037301412089298935,0.008590306559311145,-0.018315830211633966,0.04215638390296128,0.011449310688256276,-0.002657986286609848,0.03408926003521939,-0.016173274083028932,6.299755668036125,38.18718280145811,9361.836084998025,1348.536215829893,1.8405108497940041,-0.05197515180007839,3.6424999305525203,-1.3720005842543515e-07,9.144396713161346,0.00845444114633942,7.206774998600244,-0.3741173825590991
2001,3,1338713.26632726,14.107219461583153,5461047.968975063,15.513151265013505,52.19559086993014,3.9549980252278396,97.41215727077946,4.5789510208345225,228903.15642870186,12.34105429539867,65.87249745470109,4.187721016837465,4.347113155141563,1.469511982296243,25.408531586825006,3.235085006871406,0.00234224291759233,0.008377552849809788,-0.019758832417776873,0.03222764413343171,0.011677355866224204,-0.0026623972853938582,0.03762023173551787,-0.005671227041437632,5.993959893139352,38.187176329401304,9449.497108735766,1134.2762841701065,1.790752277704143,-0.04975857208986123,3.642499761070069,-1.6948245118442173e-07,9.153716803064968,0.009320089903622986,7.033750091447373,-0.1730249071528709
2001,4,1339984.4423084192,14.108168561642097,5504555.83126799,15.521086640282103,51.2056168946972,3.9358492310028663,100.18768162134084,4.60704524318251,231601.76227113383,12.35277463376746,65.69675817610117,4.185049581443657,4.5334650096451,1.5114865498973054,25.53902988995271,3.240207865934383,0.000949100058944552,0.007935375268598222,-0.019148794224973287,0.02809422234798742,0.011720338368789385,-0.002671435393807542,0.04197456760106233,0.00512285906297727,5.729062291938173,38.18717109011722,9537.109200628489,1184.9349109217073,1.7455518684583002,-0.045200409245842676,3.642499623869968,-1.372001010579993e-07,9.162945699720813,0.00922889665584492,7.077443124568432,0.04369303312105899
2002,1,1339374.8300745646,14.10771351834077,5544723.54120486,15.52835732021167,50.376368238296386,3.919522180955985,103.13996779917517,4.6360869764177535,234300.8523619816,12.364361262397855,65.5205891408698,4.182364431275905,4.751329618535182,1.5584244985679598,25.947409187885974,3.2560717660105802,-0.0004550433013275068,0.007270679929566981,-0.016327050046881286,0.029041733235243505,0.011586628630395168,-0.0026851501677516154,0.046937948670654484,0.01586390007619709,5.515667567440426,38.187169549151314,9615.77785753279,1367.8492129074725,1.70759269115344,-0.0379591773048602,3.6424995835169938,-4.035297429538787e-08,9.171160555170045,0.008214855449232061,7.22099486762449,0.143551743056058
2002,2,1337010.580415278,14.105946769601966,5580787.472061652,15.53484044842582,49.80269944775319,3.9080691883397036,106.7047423747057,4.6700656031935495,236964.710164397,12.375666506770298,65.34367243134254,4.1796606095421005,5.003896444888608,1.6102168979238263,26.63653007424493,3.282283584720316,-0.0017667487388042247,0.006483128214149758,-0.01145299261628141,0.033978626775795995,0.011305244372442402,-0.002703821733804901,0.051792399355866436,0.026211818709735546,5.3643804226539515,38.18717417204903,9676.608576305278,1550.3563069501774,1.6797808843539075,-0.027811806799532546,3.642499704575912,1.210589184452715e-07,9.177466765194959,0.0063062100249133834,7.346240058947706,0.12524519132321643
2002,3,1334337.4757041903,14.103945453751587,5616725.463146528,15.541259394255743,49.45070425705656,3.9009762997682493,110.82282546696273,4.707932759116376,239602.45963400565,12.386736410755072,65.1655546402336,4.1769310262674715,5.272033261385286,1.662416106244281,27.609116224881344,3.3181460161896745,-0.00200131585037866,0.006418945829922862,-0.007092888571454292,0.03786715592282697,0.011069903984774143,-0.0027295832746290216,0.05219920832045477,0.035862431469358746,5.284904255186748,38.18718711616264,9711.31563431262,1604.0714827697514,1.664854502826357,-0.014926381527550436,3.6425000435408053,3.3896489304297006e-07,9.181047044827206,0.003580279632247496,7.380300352751256,0.03406029380354969
2002,4,1333501.3148436316,14.103318608613192,5659030.528936942,15.54876315086836,49.218173474997286,3.896262934867538,115.17250733412546,4.746431068166468,242247.01097576672,12.397713191083565,64.985710487944,4.1741674070805646,5.524766996324619,1.7092410739035981,28.86781868575382,3.3627274343864304,-0.0006268451383952822,0.007503756612617707,-0.00471336490071117,0.03849830905009188,0.010976780328492808,-0.0027636191869069293,0.046824967659317096,0.04458141819675587,5.266212438450529,38.18720345040124,9725.615260652978,1499.0080067206425,1.6613114017815993,-0.003543101044757746,3.642500471282054,4.277412486430876e-07,9.18251843236236,0.0014713875351528571,7.31255883946301,-0.06774151328824551
2003,1,1336654.3240927965,14.105680276726222,5714218.777548454,15.558468149025268,49.00227077192447,3.891866639321029,119.42966775828626,4.782727643781517,244931.4927933581,12.408733829173952,64.80361403496327,4.171361373947516,5.7310158586697195,1.745892802738991,30.41528783595354,3.4149453713462856,0.002361668113030291,0.009704998156907507,-0.004396295546509332,0.036296575615049065,0.011020638090387891,-0.0028060331330488353,0.036651728835392916,0.052217936959855216,5.276548321660721,38.18721115523077,9739.225636156016,1303.5771217918173,1.6632721569873343,0.001960755205735021,3.6425006730467304,2.017646765217762e-07,9.18391689000127,0.0013984576389116654,7.172867396787784,-0.13969144267522626
2003,2,1345792.824845536,14.112493858205971,5788064.717911754,15.571308548065566,48.705463869684664,3.8857912182445946,123.29025948821779,4.8145414085762575,247687.5371996349,12.419923300120557,64.61876110029257,4.168504788134147,5.861751940587459,1.768448524878057,32.25516808128006,3.473678280985356,0.006813581479748976,0.012840399040298323,-0.006075421076434218,0.031813764794740074,0.011189470946604274,-0.002856585813368895,0.02255572213906598,0.058732909639070296,5.283253948632913,38.187197902923984,9772.473722161461,1090.4682438693962,1.6645421860469483,0.0012700290596139308,3.642500326011462,-3.4703526852197797e-07,9.187324908705854,0.003408018704583071,6.994362464511016,-0.178504932276768
2003,3,1360658.8245954989,14.123479570263607,5875619.669869302,15.586322088154759,48.30691467790415,3.8775747114451766,126.7404813000156,4.8421415414265505,250525.13772641373,12.431314544677557,64.43096212117943,4.165594295852645,5.9176455572314905,1.777938659861233,34.40547700454085,3.538215766954231,0.010985712057635766,0.015013540089192645,-0.008216506799417989,0.027600132850293058,0.011391244557000135,-0.002910492281501753,0.009490134983175968,0.06453748596887499,5.255291667611456,38.187152598526346,9844.867222194394,930.2971597508877,1.6592355056643207,-0.005306680382627604,3.6424991396341677,-1.1863772941822504e-06,9.194705504155909,0.007380595450054983,6.835504061723403,-0.15885840278761343
2003,4,1379298.2404426818,14.137085406374174,5963867.089245057,15.601229669112916,47.84348792884184,3.8679350151962786,129.9849059498555,4.867418335636483,253438.00756876217,12.442874526027273,64.24026424591014,4.162630183047078,5.921711237093186,1.7786254674458242,36.89504621379823,3.6080772930857274,0.013605836110567537,0.01490758095815714,-0.009639696248898044,0.02527679420993234,0.011559981349716253,-0.0029641128055670762,0.0006868075845911648,0.06986152613149654,5.198890828702216,38.18709250085601,9957.07091004307,845.9861871957231,1.648445300662587,-0.010790205001733666,3.642497565866198,-1.5737679697203077e-06,9.20603822199003,0.011332717834120487,6.740503032281117,-0.09500102944228583
2004,1,1399715.5701551451,14.151779609769955,6039593.410796735,15.613847251551912,47.353457485056154,3.8576398367140294,133.23343899009032,4.892102770069297,256419.46234820245,12.45456990734216,64.04672040336693,4.159612823337284,5.897509164952387,1.7745300863387377,39.752971400740805,3.6826845905264274,0.014694203395780647,0.012617582438995356,-0.010295178482249145,0.024684434432813873,0.011695381314886788,-0.0030173597097942206,-0.004095381107086515,0.07460729744069994,5.157547783872586,38.1870632225038,10090.906629758922,812.7641749252583,1.6404612308495965,-0.00798406981299049,3.6424967991578283,-7.667083696816235e-07,9.219389963598307,0.013351741608277123,6.700440999727416,-0.04006203255370089
2004,2,1419971.3402263874,14.166147246434601,6090093.99308801,15.622174073571577,46.87425924880676,3.8474686814735883,136.6889697206659,4.917708050793745,259462.82303360713,12.466368707485172,63.850384424028505,4.1565426031969706,5.8682252850838275,1.7695522516848508,43.00487130977368,3.7613133955509634,0.014367636664646355,0.008326822019665059,-0.010171155240441099,0.025605280724448676,0.011798800143012045,-0.003070220140313218,-0.004977834653886903,0.07862880502453606,5.176379189518711,38.18711160883324,10227.37696757872,803.7863425722369,1.6441058136958622,0.003644582846265676,3.6424980662439745,1.26708614622828e-06,9.232823420161774,0.013433456563467061,6.689333490793663,-0.011107508933752896
2004,3,1439556.4724093904,14.179845618837561,6115656.855032907,15.626362738347355,46.42193626664213,3.8377721118816326,140.375264784283,4.944319299320643,262561.54710997734,12.478240798712017,63.651333155840916,4.1534202698876195,5.84749130257105,1.7660127320994687,46.587599344435745,3.8413343972299505,0.01369837240295979,0.004188664775778506,-0.00969656959195575,0.02661124852689767,0.011872091226845072,-0.0031223333093510774,-0.0035395195853820116,0.08002100167898707,5.298337549860008,38.187279882310186,10348.061611092027,792.9039407266979,1.6673931015156687,0.02328728781980649,3.6425024727858446,4.406541870061176e-06,9.244554497201225,0.01173107703945142,6.675702080283278,-0.013631410510384967
2004,4,1459475.7585194313,14.19358785969639,6130320.8997178925,15.628757655598983,45.989890288173065,3.8284215959906716,144.12651495187947,4.970691489908685,265709.2365452317,12.490157894204398,63.44966780746765,4.150246958645788,5.838827118376555,1.7645299407754813,50.34406341228079,3.9188807058035464,0.01374224085882858,0.0023949172516282147,-0.00935051589096103,0.026372190588041633,0.011917095492380625,-0.0031733112418317333,-0.0014827913239874313,0.0775463085735959,5.516599869050939,38.187503938752926,10447.813579001986,769.9769319964653,1.7077617047525209,0.04036860323685221,3.642508340074275,5.867288430216888e-06,9.254148008612196,0.00959351141097109,6.646360555952818,-0.029341524330460445
2005,1,1480806.7308958725,14.208097585676713,6148785.751744602,15.631765181548392,45.57043516263753,3.8192591545529426,147.76780199051683,4.995642136273664,268899.500249604,12.502092983756173,63.24549075808963,4.147023832703989,5.845266767502799,1.765632234173871,54.11265739764259,3.9910681214752124,0.014509725980323296,0.0030075259494086737,-0.00916244143772893,0.0249506463649789,0.011935089551775135,-0.0032231259417985214,0.001102293398389742,0.07218741567166598,5.774567651181019,38.18761334733225,10534.759221125361,740.8739910071496,1.753463388008928,0.04570168325640722,3.6425112051063224,2.8650320476053537e-06,9.262435470839504,0.00828746222730814,6.60783055821357,-0.03852999773924726
2005,2,1504605.5423246087,14.224041323688214,6185548.451534734,15.637726234337318,45.156064991111144,3.810124600655753,151.12528641450925,5.018109204149103,272126.21813400736,12.514021274903522,63.03890528212096,4.143752079950254,5.8696988159642824,1.769803323488606,57.73108738225594,4.0557958045485965,0.01594373801150084,0.005961052788926224,-0.009134553897189424,0.022467067875439284,0.011928291147349057,-0.0032717527537355906,0.004171089314734866,0.06472768307338406,6.013478248163023,38.18743305432124,10617.60198863167,712.1598233416557,1.7940033245944564,0.04053993658552835,3.6425064838519465,-4.721254375894546e-06,9.270268467851833,0.007832997012329201,6.568302357207605,-0.039528201005965435
2005,3,1530769.8827949604,14.24128135817955,6244128.904931832,15.64715220501228,44.749040919066054,3.8010700125150185,154.0835812479969,5.037495190562656,275397.9544293601,12.525972437614248,62.830063162669525,4.140433671709107,5.907129513109603,1.7761600134461093,60.999790487887154,4.110870429542612,0.017240034491337042,0.009425970674961093,-0.009054588140734676,0.01938598641355327,0.011951162710726493,-0.0033184082411468196,0.006356689957503381,0.05507462499401594,6.176803076636845,38.18680526481113,10704.57757310747,690.079264842321,1.8208008361079357,0.02679751151347931,3.642490044028154,-1.643982379251341e-05,9.278426739535938,0.008158271684104434,6.53680646757657,-0.03149588963103511
2005,4,1557469.8741594262,14.258573187022924,6311677.266427105,15.657912010040185,44.36618928538441,3.792477676766377,156.61446734976374,5.053787163387663,278745.1714917745,12.538053279603835,62.619188521872424,4.1370717570450894,5.940810532174419,1.7818455772936754,63.66362616222936,4.153613381623939,0.01729182884337277,0.010759805027905855,-0.008592335748641489,0.01629197282500705,0.012080841989586588,-0.0033619146640173625,0.005685563847566133,0.04274295208132628,6.2593970419660145,38.18596913671051,10793.163195731113,673.5201473184154,1.8340838612982595,0.01328302519032376,3.642468148055219,-2.1895972935226382e-05,9.286668175227211,0.008241435691273225,6.512517909758473,-0.024288557818096912
2006,1,1582734.708596769,14.274664737071925,6374008.296747528,15.667739075613346,44.0255246124483,3.78476957055087,158.69683646136286,5.066995693252788,282200.1180587932,12.550371736752263,62.406511383061336,4.133669619018916,5.953034644374152,1.783901113803933,65.46291999795298,4.181483875440713,0.016091550049001313,0.00982706557316071,-0.0077081062155071045,0.013208529865124774,0.012318457148428053,-0.0034021380261730627,0.002055536510257472,0.0278704938167742,6.3074985382377005,38.18556078074542,10870.07760727273,654.0132985461431,1.8417391697831798,0.007655308484920242,3.6424574541234476,-1.0693931771221798e-05,9.293769119673277,0.007100944446065682,6.483127685418877,-0.02939022433959604
2006,2,1604605.5447598323,14.288388517835939,6416983.460263631,15.674458699241974,43.74484745687352,3.7783738334535886,160.31078951934083,5.0771143656432365,285794.92351051257,12.56302978193566,62.192263823105,4.130230616175494,5.926160009310984,1.77937645002056,66.14080364890754,4.191785858204162,0.013723780764014037,0.006719623628628213,-0.006395737097281362,0.010118672390448502,0.012658045183396638,-0.0034390028434225783,-0.004524663783372906,0.010301982763449402,6.369580024266185,38.18623356645998,10921.571798919496,622.7696765611397,1.851533537154091,0.009794367370911328,3.6424750728194684,1.761869602079358e-05,9.29849517657086,0.0047260568975833195,6.434176749887442,-0.048950935531435036
2006,3,1623177.1797171517,14.299896008571082,6434479.313838849,15.677181481028235,43.505238426327224,3.7728813544380286,161.64394466826536,5.085396043947796,289541.2335795403,12.576052996179515,61.97703033869481,4.126763837992863,5.853766479969344,1.7670852967957589,65.9219737642513,4.188471826965034,0.011507490735143122,0.0027227817862609527,-0.005492479015559937,0.008281678304559392,0.013023214243855108,-0.0034667781826307476,-0.012291153224801121,-0.0033140312391282123,6.491343135685709,38.188576451023515,10934.839628155567,571.7789999040184,1.87046946395495,0.01893592680085887,3.642536425104698,6.135228522952119e-05,9.299709267082479,0.0012140905116186929,6.348752552917909,-0.08542419696953285
2006,4,1642909.110159051,14.311979076048603,6437407.28810264,15.677636422002287,43.2097353990147,3.7660658263197857,163.32496667144818,5.0957418766640235,293407.1590861238,12.589316544823202,61.762144441857444,4.123290627294054,5.753283931074146,1.7497708102308647,66.05462097184451,4.190481990244738,0.01208306747752097,0.000454940974051965,-0.006815528118242931,0.010345832716227576,0.013263548643687173,-0.003473210698809126,-0.017314486564894205,0.002010163279703825,6.6547605749895276,38.191696906983225,10918.760877295816,510.9424787298729,1.8953324744890827,0.024863010534132757,3.6426181335308203,8.170842612242879e-05,9.298237770085265,-0.001471496997213606,6.236257017781313,-0.11249553513659638
2007,1,1668819.140590527,14.327626832836003,6438857.818878326,15.677861725033837,42.75139346634895,3.75540179055561,166.03893649382246,5.112222318044007,297355.2421095006,12.602682804404266,61.54903545444644,4.119834181580726,5.645192997923001,1.7308043861975253,67.91785548991845,4.218298967445705,0.01564775678740027,0.00022530303155043896,-0.01066403576417585,0.016480441379983723,0.013366259581063744,-0.003456445713328371,-0.01896642403333937,0.027816977200966875,6.77807611152991,38.193220922264295,10903.90125348583,468.0728148082779,1.9136933023236289,0.01836082783454618,3.642658037096199,3.990356537864059e-05,9.296875917345435,-0.0013618527398300273,6.148623871012389,-0.08763314676892353
2007,2,1705923.7977389302,14.349617338825677,6451918.448611738,15.679888078440557,42.02332714318919,3.7382248722725078,170.47074865307056,5.138563719853023,301348.03238841594,12.61602112956655,61.339132639439086,4.116418018374835,5.5499724948513265,1.7137929718634188,72.89028987509857,4.288955432270541,0.021990505989673892,0.0020263534067197497,-0.017176918283102083,0.026341401809015785,0.013338325162283837,-0.0034161632058902214,-0.017011414334106467,0.07065646482483601,6.77676269147908,38.190710072417005,10921.769330168188,471.76147041378533,1.9134995087899647,-0.00019379353366422158,3.642592294215059,-6.574288113991855e-05,9.298513262746187,0.0016373454007521104,6.156473498555683,0.007849627543293991
2007,3,1756749.0599781822,14.378975533962901,6484037.165369722,15.684853893679655,41.03447466897106,3.7144125589763597,176.9418886695805,5.175821366066208,305363.0090004131,12.6292565413148,61.13375050268355,4.113064095057093,5.484551953285628,1.7019354045722437,81.38053200653637,4.39913607986523,0.02935819513722393,0.004965815239097893,-0.02381231329614808,0.037257646213184614,0.01323541174825138,-0.0033539233177419803,-0.011857567291175153,0.1101806475946896,6.570374507000611,38.18196632367301,11002.355167324708,549.3672355416057,1.8825708334595455,-0.03092867533041921,3.6423633183772384,-0.00022897583782066633,9.305864634983491,0.007351372237303977,6.308767135081966,0.15229363652628258
2007,4,1816131.8786999697,14.412219455936139,6525251.058238493,15.691189986791224,40.1513548706445,3.692656185044945,184.65189573335127,5.21847240787653,309423.7421132521,12.64246695016041,60.93384926232225,4.109788837422039,5.454903264734801,1.6965148858069539,90.80251105026855,4.508686939963503,0.03324392197323789,0.006336093111569241,-0.021756373931414608,0.04265104181032253,0.013210408845608868,-0.0032752576350540963,-0.005420518765289817,0.1095508600982722,6.172334408059098,38.170320627934785,11140.723015339845,699.8974377620932,1.8200771145074057,-0.06249371895213973,3.64205826672015,-0.00030505165708838433,9.318362414008929,0.012497779025437694,6.550933806825946,0.24216667174398054
2008,1,1877430.017949021,14.44541438786396,6562247.770199998,15.696843750126229,39.8092766420678,3.684099966590119,192.5844730359246,5.260534878439919,313562.66873280006,12.655754519341832,60.74032097990342,4.106607744093324,5.464890329364219,1.6983440536072354,97.99405065587669,4.5849067692346965,0.03319493192782019,0.005653763335004669,-0.008556218454826237,0.04206247056338874,0.013287569181422043,-0.003181093328715079,0.0018291678002815281,0.07621982927119397,5.689933902420155,38.16463292277563,11297.011315000706,894.0079422207455,1.7386986316243982,-0.08137848288300753,3.6419092470403016,-0.00014901967984837228,9.332293484319832,0.013931070310903237,6.795714659049875,0.2447808522239292
2008,2,1934001.2417700663,14.475101597068628,6581714.9442361845,15.699805899166575,40.4435488770993,3.6999071469067144,199.72332376884214,5.296933027637141,317812.2258649242,12.669216002656068,60.5540577169753,4.103536482072079,5.518377047339256,1.708083803895482,99.79297447294229,4.603097784776796,0.02968720920466872,0.002962149040346418,0.01580718031659556,0.03639814919722184,0.013461483314236133,-0.0030712620212449693,0.009739750288246585,0.018191015542099898,5.234545743840748,38.1740035364502,11429.83999363363,1101.121941783719,1.6552800676522126,-0.08341856397218561,3.64215474824798,0.00024550120767852235,9.343982757883666,0.011689273563833424,7.004084886069962,0.20837022702008667
2008,3,1980902.265666507,14.499062988606243,6574077.458237543,15.698644815649445,42.325464975397956,3.7453889137922385,205.29598845793896,5.324452783931102,322199.0772450774,12.682924885801224,60.37557244731324,4.1005845934567855,5.615957311967296,1.7256120655491967,94.06908238033566,4.54402943128906,0.023961391537614674,-0.0011610835171307343,0.04548176688552408,0.027519756293961528,0.013708883145156392,-0.0029518886152937185,0.017528261653714683,-0.05906835348773676,4.913749218030573,38.20715580773816,11499.344163641495,1290.908307929559,1.5920372386148867,-0.06324282903732592,3.6430228228793275,0.0008680746313474152,9.350045283476547,0.006062525592881229,7.163101364257358,0.15901647818739573
2008,4,2020933.5327097217,14.519070107527122,6546794.301835403,15.694486068239472,44.978744709652716,3.8061900383972485,209.64140482526102,5.345398475043267,326723.5723588046,12.696869747905778,60.203650283414994,4.097732986413617,5.743320504643738,1.7480375282030247,83.3958653102774,4.423598731520361,0.02000711892087992,-0.004158747409972463,0.06080112460500997,0.020945691112165044,0.01394486210455348,-0.002851607043168336,0.022425462653828054,-0.1204306997686988,4.747873845612276,38.26414231749491,11500.508194187416,1438.6865202217543,1.5576969063885937,-0.03434033222629296,3.644513225728567,0.0014904028492392918,9.350146504173862,0.00010122069731544059,7.271485837583479,0.10838447332612144
2009,1,2059100.5488147098,14.537779818627556,6512175.00809048,15.689184061010163,47.71423274644484,3.8652297338163217,213.41498617136068,5.363238562134653,331378.56758523406,12.711016709539361,60.036584321153555,4.094954115092889,5.881911876901337,1.7718818581938924,71.68621234382073,4.272298432654278,0.01870971110043307,-0.005302007229309069,0.05903969541907328,0.01784008709138618,0.014146961633583643,-0.0027788713207277382,0.02384432999086772,-0.15130029886608298,4.669999382121444,38.33634488865154,11463.165711194739,1525.4266663087403,1.5411589393727552,-0.01653796701583854,3.6463983989219324,0.0018851731933655635,9.346894192190817,-0.0032523119830454306,7.330029431096114,0.05854359351263483
2009,2,2100408.9794523907,14.557642635852105,6482529.46104348,15.684621341088599,49.842758348946994,3.9088732170277667,217.27216869661484,5.381150801271481,336156.9187613011,12.725333350048306,59.87266762080006,4.092220100831221,6.01317637317228,1.7939531236033561,62.85310947939606,4.140800408424935,0.01986281722454919,-0.004562719921564096,0.043643483211444956,0.0179122391368276,0.014316640508944545,-0.002734014261668527,0.022071265409463692,-0.13149802422934265,4.6094121150464,38.41476835466418,11418.665525663348,1532.3445124513387,1.5281003250255931,-0.013058614347162045,3.648441978226295,0.0020435793043627193,9.343004622236958,-0.003889569953859251,7.334554202598567,0.004524771502453007
2009,3,2149463.360423429,14.580728769145574,6468427.567309974,15.682443602520573,50.778810520017345,3.9274791518197745,221.7839642201135,5.401703773926209,341051.79025862564,12.739789622324698,59.71028572611843,4.08950429577804,6.120957730306981,1.8117185761608834,60.232400181959854,4.098210416534912,0.023086133293469757,-0.0021777385680259442,0.018605934792007783,0.020552972654727775,0.014456272276392568,-0.0027158050531808087,0.01776545255752726,-0.04258999189002299,4.497661856527405,38.490644794456465,11397.761369966234,1442.077657740159,1.5035576743055905,-0.024542650720002612,3.6504152194145334,0.0019732411882382728,9.341172244043673,-0.001832378193284967,7.273840170583547,-0.0607140320150199
2009,4,2208139.9141625804,14.607661051292983,6468604.647292247,15.682470978193656,50.64192771225985,3.9247798440991453,226.94716583579714,5.424717240768967,346058.44497049524,12.754362955874841,59.54845321424559,4.086790320892102,6.205415250674872,1.8254223383633876,63.234449935478274,4.146849246558884,0.02693228214740806,2.7375673083085417e-05,-0.002699307720629207,0.023013466842757957,0.014573333550142564,-0.002713974885938164,0.013703762202504244,0.048638830023971735,4.318359485699267,38.560432932704366,11417.520168057836,1269.9658563508885,1.4628755814525038,-0.04068209285308666,3.6522266971872104,0.0018114777726769837,9.34290431147387,0.0017320674301970485,7.146745294328156,-0.1270948762553914
2010,1,2277178.7286675004,14.638447835012231,6476867.818821075,15.683747590178687,49.845247702213335,3.90892315991188,232.51944833242123,5.448973870270647,351173.0196644245,12.769034314513066,59.38644660674394,4.084066028729861,6.273502425347661,1.836334799219545,69.63496202858381,4.243266769212795,0.03078678371924859,0.0012766119850304847,-0.01585668418726538,0.024256629501680393,0.014671358638224774,-0.0027242921622407934,0.010912460856157269,0.09641752265391101,4.10717694869134,38.625818139836205,11481.322035474039,1064.0510175442935,1.4127359187045316,-0.05013966274797221,3.653920916607465,0.0016942194202544947,9.348476823127665,0.0055725116537956865,6.969838617571907,-0.17690667675624905
2010,2,2357316.1490726164,14.673034304901579,6487007.964335025,15.685311959932227,48.802875495362585,3.8877892352084444,238.25769875119784,5.473352855763326,356391.65398680506,12.783785556759156,59.223543288121455,4.0813191535097095,6.332195128064315,1.8456469577259398,77.20425454475637,4.346454566195566,0.03458646988934788,0.001564369753539907,-0.021133924703435447,0.02437898549267903,0.014751242246090257,-0.002746875220151601,0.009312158506394885,0.10318779698277059,3.9020497162849157,38.688713031747774,11591.952009123841,873.7968834109258,1.3615019833511488,-0.05123393535338283,3.655547904570336,0.0016269879628709738,9.358066343992279,0.009589520864613732,6.772847949803405,-0.19699066776850138
2010,3,2448930.0722078844,14.711161781916143,6493513.755294003,15.686314352847432,47.90157341340026,3.8691483517563094,243.94067711191053,5.496925069142611,361711.9714137023,12.79860351502505,59.059089510918746,4.078538459856252,6.388208908031849,1.8544539330165017,83.84534536511241,4.428973975280725,0.03812747701456409,0.0010023929152058741,-0.018640883452134993,0.023572213379284612,0.014817958265894049,-0.0027806936534577886,0.008806975290561958,0.08251940908515909,3.7395903630287313,38.7510183928154,11751.619188509225,747.0310611098051,1.3189760768258016,-0.04252590652534716,3.6571570365589277,0.0016091319885918054,9.371746313355686,0.013679969363407096,6.61610676540597,-0.15674118439743534
2010,4,2548641.076067225,14.751070863740702,6498188.211700721,15.687033959350154,47.24149290677587,3.8552725934287913,249.57641988331207,5.519765160411202,367147.1491875437,12.813517998141846,58.89315341463494,4.075724843062935,6.445530546444733,1.863386952079108,88.85223523491014,4.486974711683319,0.03990908182455932,0.0007196065027219589,-0.013875758327518195,0.022840091268591323,0.014914483116795552,-0.002813616793316598,0.00893301906260624,0.05800073640259473,3.62598485012281,38.81436288246731,11949.286112770933,693.9500543746915,1.2881259342000506,-0.03085014262575103,3.6587903555136623,0.0016333189547346194,9.388426816058104,0.0166805027024175,6.5423999901571905,-0.07370677524877944
2011,1,2650826.9864114164,14.790382219622515,6507200.304983425,15.688419861003707,46.751706739361076,3.8448507628621225,255.30981917254314,5.542477784818213,372719.64862958255,12.828581803770719,58.726234034750846,4.072886544113051,6.506518016610506,1.8728044462480558,92.34920576215929,4.525577106306796,0.03931135588181256,0.0013859016535526791,-0.010421830566668788,0.02271262440701083,0.015063805628873439,-0.002838298949884077,0.009417494168947771,0.03860239462347703,3.5369925254184547,38.88010303518362,12160.668760688475,687.1192635140861,1.2632767969665035,-0.02484913723354709,3.6604826296706103,0.0016922741569480593,9.405962150775036,0.017535334716932027,6.532507877612718,-0.009892112544472198
2011,2,2749835.6124562128,14.827051690567371,6526777.439586554,15.69142387861199,46.35899799227834,3.836415404611535,261.2875987350965,5.565621711526973,378452.0553173162,12.843844673604627,58.55883617377249,4.07003199537381,6.573507492199385,1.8830475549118986,94.47165086702518,4.548299798668318,0.036669470944856286,0.0030040176082835046,-0.008435358250587388,0.023143926708759643,0.0152628698339079,-0.0028545487392408475,0.010243108663842815,0.0227226923615218,3.4470498405344188,38.94958355392499,12360.907173634343,697.4679539049578,1.2375187465350468,-0.025758050431456736,3.6622680804476606,0.0017854507770502792,9.422294124243441,0.016331973468405536,6.54745656841777,0.01494869080505179
2011,3,2840221.049906058,14.859392441582408,6562721.3040596545,15.6969159078368,45.991010794611434,3.8284459598841587,267.64684546686016,5.589668370731676,384366.23490628717,12.859351113787078,58.39142970780131,4.06716912748637,6.648471479000785,1.8943869754657265,95.36428134823052,4.557704098997872,0.03234075101503642,0.005492029224809514,-0.007969444727376374,0.024046659204703502,0.015506440182450731,-0.002862867887440501,0.011339420553827972,0.009404300329554083,3.3315254080928205,39.02396922226246,12526.124819268056,696.7512228206206,1.2034302796138607,-0.034088466921186056,3.6641760527858422,0.0019079723381816294,9.43557172785034,0.013277603606898225,6.546428421395495,-0.00102814702227505
2011,4,2920092.996083037,14.887126021710971,6613495.8493521195,15.704622944845731,45.59023049720084,3.8196934500844892,274.3585431233028,5.614435802525547,390471.6443107628,12.875110631824505,58.22388251335413,4.0642956230289755,6.7271142191217885,1.9061462581057735,95.33239587760505,4.557369688651699,0.027733580128563418,0.007707037008930939,-0.008752509799669461,0.024767431793870642,0.015759518037427256,-0.002873504457394205,0.011759282640046997,-0.0003344103461735415,3.187227543793241,39.10028667780718,12655.063969850877,675.7183011503457,1.1591514303742017,-0.04427884923965908,3.666129798877669,0.001953746091826858,9.445812727873669,0.010241000023329505,6.515776274918806,-0.030652146476689346
2012,1,2990559.860912551,14.910971172291173,6671376.5473350575,15.713336775509411,45.11165919587601,3.809140731853983,281.25358789267017,5.639256710388977,396767.2751980969,12.89110517921288,58.05555475434773,4.061400392702038,6.79985344528892,1.9169010597864158,94.81672924463487,4.551945862517447,0.0238451505802022,0.008713830663680255,-0.010552718230506297,0.02482090786342983,0.01599454738837558,-0.0028952303269376145,0.010754801680642245,-0.005423826134252074,3.0324042664127226,39.17142441221037,12769.085702245791,644.112553399362,1.1093557921416162,-0.04979563823258548,3.6679475118929994,0.0018177130153302912,9.454782349145113,0.008969621271443629,6.467873483192702,-0.0479027917261039
2012,2,3052823.948943894,14.9315776051162,6728445.098420821,15.721854634573457,44.510690906339576,3.7957294054042476,288.1584895910623,5.6635106398504105,403251.79155154916,12.907316438758862,57.885790697382376,4.058471943361968,6.856941360924742,1.9252614765556921,94.2622569664153,4.546080865261713,0.02060643282502639,0.008517859064046007,-0.013411326449735306,0.0242539294614339,0.01621125954598135,-0.002928449340069861,0.008360416769276346,-0.0058649972557338614,2.8862357557316742,39.230090997733654,12890.534519602816,612.5031759692431,1.0599531464579928,-0.0494026456836234,3.6694440798143266,0.001496567921327241,9.464248562847155,0.00946621370204248,6.4175541276613455,-0.05031935553135636
2012,3,3108107.184858682,14.949524476637787,6776938.922481927,15.729036071606327,43.74689434408769,3.7784206238631155,294.90263263426345,5.6866452429915,409923.63947687205,12.923726176156343,57.71394412646429,4.055498810287456,6.888809650608551,1.9298983053117031,94.10646623107432,4.544426760819983,0.017946871521587582,0.007181437032869553,-0.017308781541132134,0.023134603141089727,0.016409737397481194,-0.002973133074512191,0.004636828756011013,-0.0016541044417301975,2.7673089844331087,39.270223877383344,13040.897651011788,591.1593601077127,1.0178753622368841,-0.04207778422110864,3.670466569551089,0.0010224897367625552,9.475845671379174,0.011597108532019007,6.382085625910765,-0.03546850175058047
2012,4,3158258.1015044707,14.965531199876827,6814068.651790021,15.734499952260899,42.91316561192306,3.7591786695734637,301.40720752817816,5.708462199404077,416774.3067258635,12.940300123389411,57.53967278299417,4.052474671332713,6.891622088622193,1.9303064838224944,94.54768946450652,4.549104357624557,0.01600672323903929,0.005463880654572151,-0.019241954289651808,0.02181695641257697,0.016573947233068154,-0.003024138954742739,0.0004081785107912239,0.004677596804574691,2.6805671619598805,39.31402452129314,13221.945022178368,583.4501785239253,0.9860283997297746,-0.0318469625071095,3.671581313264698,0.0011147437136087568,9.489633229828485,0.013787558449310566,6.3689590642318885,-0.013126561678876492
2013,1,3205868.2068995535,14.980493503040776,6842941.703134092,15.738728270701223,42.26048834443047,3.7438525678341223,307.70226011955924,5.729132627505957,423787.03046487103,12.956986321386449,57.36299481350209,4.04939940576354,6.868339041690647,1.9269223072347712,95.50069105126737,4.559133483599429,0.014962303163949642,0.00422831844032423,-0.015326101739341347,0.020670428101880134,0.01668619799703741,-0.0030752655691728137,-0.0033841765877231644,0.010029125974871711,2.6173097345146896,39.411958426724105,13415.729255424048,585.8445853884662,0.9621469713458125,-0.023881428383962122,3.6740692836216557,0.0024879703569578027,9.504183122576695,0.01454989274821017,6.37305454175425,0.0040954775223616124
2013,2,3253572.1144929323,14.995264062876059,6867007.608957099,15.74223899564896,42.04901799164112,3.7388360327964683,313.82415175066603,5.748832802763205,430944.5691833581,12.973734751031545,57.183949274259085,4.046273251914843,6.822315196640231,1.9201988858960355,96.86378351717082,4.573305697921577,0.014770559835282526,0.003510724947735966,-0.005016535037654091,0.019700175257248098,0.016748429645096152,-0.0031261538486972995,-0.006723421338735713,0.01417221432214788,2.5682429412028376,39.61571996168198,13603.44569901014,594.5115297180699,0.9432219846252404,-0.01892498672057208,3.6792260082185377,0.00515672459688199,9.518078399855197,0.01389527727850215,6.3877401099176625,0.014685568163412377
2013,3,3303968.27520332,15.010634811640866,6889734.361559275,15.745543088046213,42.53288786362595,3.750277608762011,319.808404571907,5.767722080767177,438230.09269437287,12.990499377209536,57.00257659666778,4.043096470263217,6.757056546745577,1.9105873731520961,98.53013677052209,4.590362458443864,0.015370748764807374,0.0033040923972542657,0.01144157596554285,0.018889278003971555,0.01676462617799146,-0.0031767816516259373,-0.009611512743939343,0.017056760522287107,2.524333116313211,39.974907743978676,13766.67235383722,605.7988367485286,0.9259769154923102,-0.017245069132930224,3.68825195087442,0.00902594265588208,9.530005903392592,0.011927503537394912,6.406547978400684,0.018807868483021295
2013,4,3356953.1768991794,15.026544327964745,6915969.222110294,15.749343675531097,43.516273827594574,3.7731349791117603,325.6278386673585,5.785755130066128,445657.50375796686,13.007306007200048,56.81901995812042,4.039871128092152,6.687374279618306,1.9002213127360035,100.00867873270454,4.605256969549335,0.015909516323878492,0.003800587484883877,0.022857370349749218,0.018033049298950665,0.01680662999051208,-0.003225342171065293,-0.01036606041609267,0.014894511105470798,2.4825287833571634,40.49091813696799,13895.788231509077,620.1684847539531,0.909277711374371,-0.016699204117939237,3.701077705434499,0.012825754560079172,9.53934106827611,0.009335164883518487,6.429991190725052,0.02344321232436819
2014,1,3407896.6653558477,15.041605845273246,6952870.163068623,15.754665105394452,44.04953082016305,3.785314701250847,331.15022834234065,5.802572134474283,453292.19253389514,13.024292213162468,56.63359466801566,4.036602354502055,6.647019356510504,1.8941685371223784,100.16461055327042,4.606814938174048,0.015061517308501138,0.005321429863354155,0.012179722139086469,0.016817004408155256,0.01698620596241973,-0.0032687735900971404,-0.00605277561362505,0.0015579686247129132,2.4457606550685154,41.116945249545594,13989.973354332711,642.1966050467736,0.8943561809107751,-0.0149215304635959,3.716420329709003,0.015342624274504058,9.546096163035319,0.006755094759208546,6.464894495199169,0.034903304474116936
2014,2,3451736.7445875495,15.054388066570416,7007815.598803505,15.762536598296052,43.11109924361151,3.7637804870099636,336.2333265324335,5.817805343165953,461204.46108104347,13.041596740099218,56.4466324571496,4.033295633495577,6.671549593520687,1.897852155811424,97.80172183274611,4.582942182537595,0.012782221297170437,0.007871492901600163,-0.021534214240883198,0.015233208691670441,0.017304526936749554,-0.0033067210064778862,0.0036836186890456535,-0.023872755636452858,2.4172195393646714,41.80408744041331,14048.790397254388,676.6382051584773,0.8826179289430038,-0.01173825196777123,3.732994120405826,0.016573790696822854,9.550291578333592,0.004195415298273275,6.517136721140968,0.05224222594179917
2014,3,3483420.575471865,15.063525292983359,7088167.419749293,15.773937391155892,39.681833069096335,3.6808934776474467,340.73517924154595,5.831105575108485,469464.4677016625,13.059347893619874,56.258463816633515,4.029956497616641,6.796433212264744,1.916397946961206,91.7268431922326,4.5188150648034995,0.009137226412942567,0.011400792859840081,-0.08288700936251692,0.013300231942531937,0.01775115352065626,-0.0033391358789360837,0.018545791149781943,-0.0641271177340954,2.400057073010343,42.5038254865123,14071.836231998108,728.0281053981728,0.8754925174921264,-0.007125411450877417,3.749594083326932,0.016599962921106215,9.551930648487117,0.0016390701535247132,6.590339653767653,0.07320293262668454
2014,4,3500674.8561430234,15.068466323913881,7196271.727543725,15.78907363425455,33.47521755772771,3.5108053906667283,344.60279244904984,5.842392427511518,478098.73382057645,13.07757254625381,56.06904293513128,4.026583840882203,7.0299423091391375,1.950178499407555,81.66989754499956,4.402685482869575,0.004941030930522672,0.015136243098657687,-0.17008808698071842,0.011286852403032732,0.018224652633936245,-0.0033726567344380953,0.03378055244634903,-0.11612958193392409,2.3965239562582785,43.17643578428721,14059.494256175692,795.836819960262,0.8740193359198822,-0.0014731815722441866,3.7652948784719835,0.015700795145051405,9.551053194317683,-0.0008774541694336335,6.679394164779079,0.08905451101142603
2015,1,3507901.0658181356,15.070528429630144,7322429.708040346,15.806452758189723,25.96407883327747,3.256713999419789,347.9968006294667,5.852193286138727,487028.99126021715,13.096078930601323,55.87742034856688,4.023160369195872,7.315040202358598,1.989932530336493,69.57752173926603,4.242441551660133,0.002062105716262863,0.01737912393517327,-0.25409139124693914,0.009800858627208697,0.018506384347512395,-0.0034234716863306147,0.03975403092893792,-0.16024393120944236,2.407969952849264,43.79099034968627,14012.934393286785,874.4705569244394,0.8787840493160918,0.004764713396209541,3.779428096444447,0.014133217972463363,9.547736067312886,-0.003317127004796916,6.773618625423524,0.09422446064444578
2015,2,3510482.041929341,15.071263919895618,7455171.64600884,15.824418530196114,18.879909721416695,2.938098379001298,351.1092469396516,5.86109741988155,496161.56517485983,13.11465688890617,55.682513733519706,4.019666161083255,7.585088201444798,2.0261842411369466,57.722264500122996,4.055642965639959,0.0007354902654732598,0.01796577200639149,-0.3186156204184911,0.008904133742823284,0.01857795830484754,-0.0034942081126168034,0.03625171080045364,-0.18679858602017418,2.43570565537139,44.31694361689697,13933.360763608756,958.1153371480211,0.8902365114186525,0.011452462102560679,3.7913670783484466,0.011938981903999668,9.542041298522854,-0.005694768790032612,6.864968164406817,0.09134953898329279
2015,3,3513800.529111622,15.072208781494108,7583028.027569087,15.841423153781884,13.954162715178077,2.635777866275923,354.1321703298207,5.869670205964953,505402.7826726218,13.133110979802794,55.48324079611013,4.016081007513326,7.773449131683987,2.0507139695750927,48.37662684743438,3.879016780705597,0.0009448615984908315,0.017004623585769707,-0.30232051272537497,0.008572786083402839,0.018454090896623754,-0.003585153569929389,0.024529728438146048,-0.17662618493436177,2.4808016393439254,44.725117607321245,13822.734316591397,1040.6824916587805,0.9085817496164948,0.018345238197842395,3.800535258956921,0.009168180608474241,9.534069929892707,-0.007971368630146358,6.9476320188824054,0.08266385447558822
2015,4,3521956.815321265,15.074527306555185,7697311.998578691,15.856381734783756,12.360893247193207,2.5145377186086417,357.1994739950962,5.878294376423142,514685.9729537305,13.15131223241098,55.278927498262505,4.012391778009675,7.834433684854495,2.0585285930239166,43.15382356720293,3.764771024662873,0.0023185250610762154,0.014958581001872417,-0.1212401476672813,0.008624170458189084,0.01820125260818628,-0.0036892295036503597,0.007814623448823887,-0.11424575604272391,2.5388080877031927,45.01778884829199,13700.423072650086,1109.7654854049993,0.931694714085246,0.023112964468751107,3.8070577193966226,0.006522460439701838,9.525181992554737,-0.008887937337970442,7.011903997574887,0.06427197869248147
2016,1,3534547.464202878,15.078095833333897,7799108.834059526,15.869520033088907,13.31669281865747,2.5890183473963737,360.24090030556664,5.8867729751728675,524039.291016994,13.169321943348963,55.07033351238871,4.008611159409832,7.795917155083421,2.053600154996166,41.35179167495457,3.722115750034138,0.003568526778712666,0.013138298305150897,0.07448062878773198,0.008478598749725563,0.018009710937983314,-0.003780618599843244,-0.004928438027750559,-0.042655274628735196,2.599754790802571,45.228688373073226,13603.202123165795,1146.6399172554688,0.9554171293500723,0.023722415264826324,3.8117315840215866,0.004673864624963997,9.518060494242867,-0.007121498311869701,7.044591133452351,0.03268713587746408
2016,2,3550180.9352972494,15.082509127842156,7891647.785942815,15.881315515876677,15.60869099884497,2.7478278744349462,363.1413993360788,5.894792288269251,533511.6963674998,13.187236273321483,54.858533062839854,4.004757745502655,7.701914697742984,2.0414689599928995,41.76050293164533,3.731950986884174,0.0044132945082591135,0.011795482787769984,0.15880952703857254,0.008019313096383485,0.017914329972519738,-0.0038534139071773055,-0.012131195003266537,0.009835236850035844,2.6534315219266147,45.39291480214331,13568.60338869191,1132.306696249438,0.9758537162547227,0.020436586904650444,3.81535603124162,0.0036244472200333,9.515513828497156,-0.002546665745711607,7.032012155149931,-0.01257897830241994
2016,3,3567465.688145172,15.087366010387836,7978158.106159787,15.892218129019957,18.024017357029862,2.8917051661249227,365.7859211614799,5.9020482474125915,543152.1485103358,13.205144759502303,54.64460037396714,4.00085040597109,7.59644146820541,2.0276799097716784,43.169929098231286,3.765144167180846,0.004856882545679397,0.010902613143279893,0.14387729168997643,0.00725595914334054,0.017908486180820304,-0.003907339531564524,-0.013789050221221011,0.033193180296672065,2.690010829273,45.545380042386675,13632.176309579037,1049.0856779667058,0.989545219357689,0.013691503102966296,3.818709192489255,0.0033531612476349615,9.520188182493312,0.004674353996156455,6.95567428091106,-0.07633787423887117
2016,4,3585138.926960658,15.092307783555288,8060565.168387875,15.902494232171888,19.543014034533726,2.972617884183778,368.0972276776841,5.908347108918647,553001.2371718192,13.223115517702366,54.42957747344774,3.9969077096646966,7.5180668081968145,2.0173090315346403,44.56734447516985,3.7970014041910716,0.004941773167452368,0.010276103151930727,0.08091271805885514,0.006298861506055076,0.017970758200062775,-0.003942696306393767,-0.010370878237038195,0.03185723701022569,2.7084690840411794,45.716701588026886,13783.873281513992,909.6324884197418,0.9963835616298405,0.006838342272151521,3.822463692580181,0.0037545000909262605,9.531254585007789,0.011066402514476437,6.81304065905853,-0.14263362185252948
2017,1,3602607.0891473596,15.09716833275608,8134016.601013832,15.911565406388192,20.15036970311411,3.003222635773465,370.1946320241194,5.9140288998292965,563056.0447734379,13.24113444883424,54.21433902605159,3.9929454311326182,7.477051942725526,2.011838588994521,45.96563012801914,3.82789394608761,0.0048605492007922635,0.009071174216304101,0.03060475158968723,0.005681790910649909,0.018018931131873472,-0.003962278532078312,-0.00547044254011908,0.03089254189653845,2.716586480432381,45.93320252062663,13968.049655519775,756.9385240536852,0.9993761217437854,0.0029925601139448865,3.827188222025535,0.004724529445353731,9.544527833021503,0.013273248013714323,6.629282040171029,-0.18375861888750133
2017,2,3619493.3830504715,15.101844624574547,8191464.656805015,15.918603274614947,20.156090347554816,3.00350649322321,372.2611121416287,5.919595522405693,573299.5613103365,13.259163653695303,53.9997054861246,3.988978592588746,7.474488830826036,2.011495733102487,47.7098708258731,3.8651383120389826,0.004676291818466183,0.007037868226754895,0.0002838574497450175,0.005566622576396618,0.01802920486106352,-0.003966838543872253,-0.0003428558920339775,0.03724436595137259,2.722525987560954,46.22101920815467,14127.078302416614,635.3141278542266,1.0015601212563552,0.0021839995125697564,3.8334346558396883,0.0062464338141534625,9.55584868164541,0.011320848623906699,6.4541195661083774,-0.17516247406265162
2017,3,3635421.1282296767,15.106235515947535,8225860.4621897135,15.922793464607688,19.8703488569239,2.989228613376081,374.4796786343273,5.9255375388263305,583714.7695475289,13.277167734191151,53.78649728019993,3.985022455745073,7.511464727234252,2.016430483674163,50.14532177517744,3.9149252254141382,0.004390891372988648,0.004190189992741011,-0.014277879847129249,0.005942016420637408,0.018004080495847674,-0.003956136843672908,0.004934750571675917,0.04978691337515562,2.734228760422361,46.6028342589897,14205.474925659277,587.1935464743963,1.0058494072309547,0.004289285974599544,3.8416613602904404,0.00822670445075202,9.56138272742593,0.005534045780519747,6.375354486903393,-0.07876507920498454
2017,4,3650166.2826181576,15.110283281402678,8232311.297337821,15.923577371298261,19.573595516234384,2.9741814904514223,377.0034420699953,5.932254317565469,594294.3405032083,13.295129998346608,53.57553145891019,3.9810924612154355,7.586856202707778,2.0264173030601764,53.53314247012664,3.9803009475230025,0.004047765455142738,0.0007839066905734882,-0.015047122924658485,0.0067167787391388956,0.01796226415545732,-0.003929994529637604,0.009986819386013313,0.06537572210886422,2.754534229277626,47.021893810939424,14197.040379296921,611.860810916034,1.0132483645289097,0.007398957297954922,3.8506133190115874,0.008951958721147069,9.56078879787288,-0.0005939295530499322,6.416504823501751,0.041150336598358095
2018,1,3664698.0897051566,15.114256513294512,8222780.669706721,15.922418990814469,19.31391732403119,2.960825940911726,379.7517626123227,5.9395177829722146,605106.6853408236,13.313160060873333,53.367598681009255,3.9772037955357615,7.68225729806202,2.0389134229923402,57.47705485198603,4.0513858221108245,0.0039732318918339615,-0.001158380483792243,-0.013355549539696199,0.007263465406745162,0.018030062526724677,-0.0038886656796739416,0.012496119932163818,0.07108487458782209,2.781180099653336,47.34200753124049,14144.860667973091,665.4497365297902,1.0228753339076686,0.009626969378758954,3.8573980098457734,0.00678469083418598,9.55710663342014,-0.003682164452738945,6.500463107604603,0.08395828410285233
2018,2,3680547.2467501997,15.118572007445154,8217163.124144873,15.921735588748025,19.03007183746883,2.9460204562598835,382.5340183297543,5.946817586121762,616255.8517819815,13.331417500086214,53.1634771875864,3.9733716415551688,7.771130436707958,2.0504156411470995,61.27144937724411,4.115313982035449,0.004315494150642252,-0.0006834020664445717,-0.014805484651842615,0.007299803149547479,0.018257439212881366,-0.0038321539805927785,0.01150221815475927,0.06392815992462442,2.811682262957192,47.42353132753955,14094.164628965877,702.218042333655,1.0337829743057327,0.010907640398064133,3.859118547023986,0.0017205371782127443,9.553516134602477,-0.003590498817663601,6.554243957414009,0.05378084980940567
2018,3,3699247.7225828897,15.12364003872166,8235399.419358367,15.923952423071988,18.660179555144392,2.9263918178350883,385.15894642918806,5.953656096957572,627846.0952011775,13.350050344079744,52.96394514737366,3.9696114018182937,7.826890659426727,2.057565325059445,64.20891403942115,4.16214204902349,0.005068031276506346,0.002216834323963468,-0.01962863842479523,0.006838510835810219,0.01863284399352949,-0.003760239736875004,0.007149683912345495,0.04682806698804143,2.843720097844728,47.138870229604485,14087.785393330578,679.093261135709,1.045113088618228,0.01133011431249531,3.8530979309417157,-0.006020616082270447,9.553063416764342,-0.0004527178381348307,6.52075846884228,-0.03348548857172862
2018,4,3721847.234644388,15.129730671452807,8294499.113399504,15.931103095624293,18.156102647082903,2.8990067381959346,387.4513530075967,5.959590300286961,639958.3582379605,13.369158387965832,52.769715761343626,3.9659374610347475,7.826269707320041,2.057485986179313,65.61701709920409,4.183835069309928,0.006090632731146073,0.0071506725523047265,-0.02738507963915371,0.005934203329388765,0.019108043886088666,-0.0036739407835462146,-7.933888013189616e-05,0.02169302028643738,2.878733189671724,46.637559075992144,14113.454848998565,614.4086429161222,1.0573503326816827,0.012237244063454611,3.8424062052522823,-0.01069172568943344,9.554883865974132,0.001820449209789743,6.420660248980813,-0.10009821986146772
2019,1,3743432.850763233,15.135513622937097,8375540.021076607,15.9408261137252,17.6381537811811,2.870064384170531,389.4330225679346,5.964691893060841,652387.8073925647,13.38839446070176,52.58070583161194,3.9623492431677385,7.7866566624269336,2.0524115845000295,65.25212788786519,4.178258656979344,0.005782951484290422,0.0097230181009067,-0.02894235402540346,0.00510159277387956,0.019236072735926868,-0.003588217867009025,-0.0050744016792836355,-0.00557641233058348,2.921921330494195,46.34626251404834,14103.803640777262,587.9031548271537,1.0722413897950236,0.014891057113340933,3.8361406526019826,-0.0062655526502997105,9.554199801744351,-0.0006840642297802901,6.376562231658744,-0.04409801732206908
2019,2,3755094.5803177273,15.138624030697446,8435505.05357192,15.94796014811185,17.339604200276565,2.8529931452716153,391.25782827014945,5.969366750012408,664737.9750302294,13.407148219479792,52.396298115687,3.95883594218421,7.7527043747846855,2.048041734080932,63.15815871504951,4.145642036255867,0.0031104077603494318,0.007134034386650612,-0.01707123889891582,0.004674856951567108,0.018753758778032648,-0.0035133009835286444,-0.004369850419097432,-0.03261662072347704,2.9786477996159957,46.70369431324011,13989.066707251312,681.985577811153,1.0914694390196413,0.019228049224617738,3.8438232688959255,0.0076826162939429565,9.546031354015444,-0.00816844772890768,6.525008510715395,0.14844627905665142
2019,3,3747848.666549619,15.136692544404038,8430932.448072223,15.947417934545852,17.49580980965761,2.8619614128111306,393.0820809843282,5.974018447528061,676608.8568879591,13.424848625529735,52.21586551522754,3.9553863857824023,7.769568850153296,2.0502146737992226,59.38432852648803,4.084030362039065,-0.0019314862934081134,-0.0005422135659980398,0.008968267539515296,0.004651697515653197,0.017700406049943496,-0.003449556401807552,0.0021729397182905785,-0.06161167421680247,3.0541638604578547,48.12670001515539,13703.655915576152,974.0701277327673,1.1165058597309845,0.025036420711343155,3.8738371169742774,0.030013848078351835,9.525417931368258,-0.020613422647185686,6.881483300776313,0.3564747900609184
2019,4,3713345.5349964164,15.127443789695581,8321212.1204683175,15.934318489742278,18.327224268151124,2.9083876192964504,395.0501344885959,5.979012679603049,687613.0753240277,13.440981568197216,52.03877185045114,3.951989053259191,7.880020551811515,2.0643305119642945,54.014961367230704,3.989261070545712,-0.009248754708456985,-0.013099444803573945,0.04642620648531981,0.004994232074988503,0.016132942667480776,-0.0033973325232112828,0.014115838165071892,-0.09476929149335289,3.1511444111285787,50.529155920161706,13278.05249003522,1426.696023669477,1.1477656919784,0.031259832247415575,3.922550514635534,0.0487133976612566,9.49386776242954,-0.031550168938718315,7.263116577034441,0.3816332762581274
2020,1,3656434.1632225155,15.111998958122188,8125082.89940176,15.910466489131318,19.744156854091326,2.9828575920842146,397.0574925042442,5.984081087593208,697626.0369448187,13.45543847448249,51.86419193933827,3.948628608686035,8.07718222066964,2.0890430766451513,47.86498584645282,3.868384252701058,-0.015444831573393714,-0.023852000610959934,0.07446997278776424,0.005068407990158619,0.014456906285273519,-0.003360444573155874,0.024712564680856808,-0.12087681784465376,3.269687984425057,53.32196908740618,12838.807012039968,1887.5274879115952,1.1846945627495964,0.03692887077119633,3.9763484242498977,0.053797909614363704,9.460227661092487,-0.03364010133705264,7.543023044149109,0.27990646711466827
2020,2,3594434.3125943798,15.094897182818269,7917360.026918735,15.884568378289334,21.363873828012345,3.0617013566377826,398.7645302891098,5.988371093031662,706771.442680068,13.468462614932973,51.69112201921649,3.9452860456703003,8.307266450929388,2.1171306078125394,42.43964959813274,3.7480830573057777,-0.017101775303919098,-0.025898110841984234,0.07884376455356801,0.0042900054384542585,0.013024140450482946,-0.0033425630157348785,0.028087531167388047,-0.12030119539528039,3.4097810972610527,55.89417834815682,12516.646991572641,2199.234177671733,1.2266480948832823,0.04195353213368591,4.023460230697558,0.04711180644766033,9.434814796611295,-0.025412864481191733,7.695864477686866,0.15284143353775725
2020,3,3545154.226327812,15.081092222313126,7775055.26378943,15.866431123887196,22.792162926119552,3.1264167455607015,399.82241309558964,5.991020481264313,715182.719173001,13.480293340319387,51.518551332391375,3.9419419628524603,8.514648361652126,2.141788016920434,39.27124012152286,3.670492447452718,-0.01380496050514246,-0.01813725440213787,0.06471538892291884,0.0026493882326503737,0.011830725386413832,-0.003344082817839933,0.0246574091078946,-0.07759060985305988,3.570957898267337,57.65442303447179,12437.390668627317,2211.052009183222,1.2728338786428763,0.046185783759594035,4.054466965965857,0.031006735268299224,9.428462590966086,-0.006352205645208997,7.701223703503999,0.00535922581713244
2020,4,3526092.9630974787,15.075701006622882,7773696.488966794,15.866256347821862,23.640921126811683,3.1629791565339382,399.89476153991603,5.991201416341908,722994.0265885717,13.491156239126926,51.34549674906703,3.938577235334533,8.644456261469168,2.156918220855194,39.86342643343256,3.6854592727919235,-0.005391215690243811,-0.0001747760653341146,0.03656241097323676,0.00018093507759520122,0.010862898807539878,-0.0033647275179271574,0.015130203934759834,0.01496682533920568,3.7423480655659014,58.46215399658333,12613.943073470338,1923.24085615597,1.3197132394443847,0.04687936080150834,4.068379604652337,0.013912638686480072,9.442558074249273,0.014095483283186994,7.56176698795674,-0.1394567155472588
2021,1,3542088.7078853664,15.080227141586509,7928047.740514925,15.885917376734037,23.77221426713548,3.1685174308886412,399.1552339903382,5.989350398846467,730369.5622530679,13.501305934685183,51.17210648104961,3.9351945882985864,8.672661003650658,2.1601756645381784,44.54797228608282,3.7965666374170484,0.004526134963626305,0.019661028912175027,0.005538274354702999,-0.0018510174954409209,0.01014969555825651,-0.0033826470359468175,0.00325744368298464,0.11110736462512483,3.902676806769956,58.627633602897745,12946.296026640328,1487.084549776465,1.3616626784080577,0.04194943896367298,4.0712061486213695,0.002826543969032258,9.46856500510699,0.02600693085771688,7.304572804141954,-0.25719418381478576
2021,2,3581151.778679474,15.091195032522329,8172110.396878886,15.91623774399126,23.380613537366322,3.1519071976742152,398.4553920673757,5.987595552359485,737513.4465950916,13.51103959970121,51.0000324330551,3.9318262686663803,8.616226997799181,2.1536472855840065,52.09903439755669,3.9531464149514233,0.01096789093582018,0.030320367257223424,-0.016610233214426007,-0.0017548464869818758,0.009733665016026904,-0.0033683196322060738,-0.0065283789541719095,0.1565797775343749,4.030216961209722,58.480724722611534,13329.53207868774,1060.4331802519146,1.3938202110379248,0.03215753262986709,4.06869720802225,-0.0025089405991192137,9.497737309682496,0.029172304575505237,6.9664327642421195,-0.33814003989983465
2021,3,3630128.704193624,15.104778661313217,8434300.415781561,15.94781733226319,22.683685684128612,3.121645973775083,398.69368013278984,5.988193403077303,744632.5610633017,13.520646169068861,50.831030502877205,3.9285070047704655,8.494953704518558,2.1394723053760916,61.183047790706766,4.113870154263681,0.013583628790888369,0.03157958827192964,-0.03026122389913244,0.0005978507178179271,0.009606569367651474,-0.003319263895914748,-0.014174980207914967,0.16072373931225803,4.10416434745663,58.34559004313386,13661.304024901941,796.6632417843465,1.4120021527432285,0.01818194170530374,4.066383778209486,-0.0023134298127640562,9.522322591592046,0.024585281909550005,6.680432057232741,-0.28600070700937863
2021,4,3675911.162535058,15.117311595281866,8643313.949146768,15.97229662616934,21.8983559687616,3.086411564085006,400.7640928840393,5.993372957144679,751933.6068055291,13.530403310211854,50.66684819349595,3.925271814938116,8.328634570856709,2.1196995256788607,70.46914681904111,4.2551749802561485,0.012532933968648408,0.024479293906150446,-0.03523440969007696,0.005179554067376024,0.009757141142992865,-0.0032351898323494943,-0.019772779697230902,0.1413048259924672,4.124943306629951,58.415288070765655,13898.380289567096,746.2585204566437,1.4170522758449122,0.0050501231016837345,4.067577637608902,0.001193859399415409,9.539527586398684,0.017204994806638396,6.615072082338975,-0.06535997489376566
2022,1,3710308.144219173,15.126625488875531,8758363.6700899,15.985519649812256,21.171684183472557,3.052664637177163,405.07600301531147,6.004074711266473,759603.6480392535,13.540552060488059,50.50831871163374,3.922138049678362,8.136408095238826,2.0963488166868074,78.92045543643452,4.368440451999833,0.009313893593665412,0.013223023642915166,-0.033746926907842756,0.010701754121794416,0.010148750276204765,-0.00313376525975384,-0.02335070899205327,0.11326547174368429,4.114206702396797,58.75177313069955,14056.644925962173,856.8100942325447,1.4144460336236262,-0.002606242221286026,4.07332133351691,0.005743695908008384,9.550850511424075,0.011322925025391228,6.753216300381302,0.1381442180423269
2022,2,3734398.479110025,15.13309731380941,8796190.272206858,15.989829262097095,20.51902368794736,3.021352440610603,411.1252012186224,6.018897793943269,767792.7305510433,13.551275093610087,50.354551684398366,3.9190890159604526,7.936178103974428,2.071431812267842,86.05431017049501,4.454978610543106,0.006471824933878878,0.004309612284838948,-0.031312196566560146,0.014823082676795885,0.01072303312202827,-0.003049033717909655,-0.024917004418965494,0.08653815854327362,4.094530377665495,59.411299366340884,14154.55223210505,1071.435445070608,1.4096520288397942,-0.004794004783831962,4.0844844333006876,0.011163099783777497,9.557791563849266,0.006941052425190719,6.976754565847744,0.22353826546644218
2022,3,3750287.9367469596,15.137343178131442,8779907.569969805,15.987976438217595,19.941137021474642,2.9927847850481446,418.3062689234131,6.036213865004305,776646.7991183781,13.56274095601231,50.204465795751446,3.916103982815701,7.745711642816888,2.0471393538074425,91.44944482434984,4.51578630400762,0.004245864322031778,-0.0018528238794992546,-0.028567655562458327,0.017316071061035387,0.011465862402221916,-0.0029850331447516254,-0.024292458460399402,0.06080769346451387,4.0884901753443685,60.45012092109498,14210.556506013605,1333.252054929392,1.4081757516194213,-0.0014762772203729124,4.101818577407767,0.01733414410707912,9.561740383309068,0.003948819459802522,7.195376390772899,0.21862182492515458
2022,4,3760082.2866693237,15.13995139987909,8732629.377850896,15.982577071224819,19.43878672334303,2.9672703857339564,426.0137875591246,6.054471710907894,786311.7985187368,13.575108682977978,50.056979729654586,3.9131619511762197,7.582775757519577,2.0258793275447107,94.68459320112645,4.550551296366477,0.0026082217476481873,-0.005399366992776322,-0.025514399314188196,0.018257845903589143,0.012367726965669235,-0.0029420316394812573,-0.021260026262731824,0.03476499235885644,4.118661938341739,61.92449193836716,14243.112045705708,1585.3774057674555,1.4155283383643567,0.00735258674493533,4.125915770874543,0.02409719346677619,9.564028703624539,0.002288320315470216,7.368577768861775,0.17320137808887637
2023,1,3765887.2984164627,15.141494061680401,8677469.510322299,15.97624051306423,19.012735332841128,2.945109035304527,433.64233855519797,6.072220089627913,796933.6735295991,13.588526734145747,49.91101217006939,3.910241663181101,7.46513749383586,2.0102438492858172,95.33848910395233,4.55743360219938,0.0015426618013112403,-0.006336558160588979,-0.02216135042942957,0.017748378720018998,0.013418051167768397,-0.0029202879951188976,-0.015635478258893443,0.006882305832903057,3.935971467174784,63.89066656156279,14270.673149199234,1300.0,1.3701577299703331,-0.045370608394023515,4.15717328751589,0.03125751664134757,9.565961881691816,0.0019331780672775523,7.170119543449628,-0.1984582254121472
2023,2,3769808.741527724,15.142534826447038,8637541.781856176,15.971628584309016,18.66374538925757,2.926582892816047,440.5865033410743,6.088106801445756,808658.3689284442,13.603131818753562,49.76548180095749,3.9073216071734658,7.410563897519111,2.0029065359428175,92.9898663359549,4.532490523086716,0.001040764766637281,-0.004611928755213768,-0.018526142488479724,0.015886711817842958,0.0146050846078154,-0.002920056007635008,-0.007337313342999696,-0.02494307911266347,4.471342900997047,66.40489893408716,14311.694114512064,1800.0,1.497688788785821,0.12753105881548787,4.195770832888661,0.03859754537277027,9.568832252301693,0.0028703706098767157,7.495541943884256,0.3254224004346282
2023,3,3773952.385542454,15.143633388387604,8635960.006924689,15.971445439633982,18.39257943188099,2.9119472915253546,446.2408633461946,6.100858858590006,821631.8294927513,13.619047677708725,49.61930730628049,3.90438001819605,7.4368220143227015,2.006443608978505,87.21745870026169,4.468404525327237,0.0010985619405659008,-0.0001831446750344412,-0.014635601290692524,0.012752057144250095,0.015915858955162676,-0.002941588977415588,0.003537073035687399,-0.06408599775947899,4.616752426232724,69.52344319934562,14384.629239662068,1950.0,1.529691519871995,0.03200273108617391,4.2416640079145695,0.04589317502590884,9.573915501559787,0.0050832492580941135,7.575584651557793,0.08004270767353638
2023,4,3780424.0,15.145346730617433,8695838.0,15.978355078354825,18.2,2.9014215940827497,450.0,6.1092475827643655,836000.0,13.636383892066839,49.47140737,3.9013948737939184,7.56167889,2.0230932409331763,77.6,4.351567427189173,0.0017133422298289958,0.006909638720843603,-0.010525697442604898,0.008388724174359652,0.017336214358113722,-0.002985144402131823,0.016649631954671396,-0.1168370981380642,4.978623858353327,73.30255350074353,14507.932822667124,2000.0,1.605153519185389,0.07546199931339403,4.294595444585202,0.05293143667063216,9.582450870027248,0.008535368467461169,7.600902459542082,0.02531780798428951
